8203| 4774| 4792
16686| 6679| 4792
365540| 226041| 4792
380307| 232465| 4792
425561| 251928| 4792
436198| 256733| 4792
463943| 269433| 4792
492898| 283625| 4792
499871| 286599| 4792
535728| 302967| 4792
579289| 323098| 4792
584502| 325276| 4792
591299| 328335| 4792
598898| 331663| 4792
599988| 332108| 4792
600299| 332208| 4792
603919| 333542| 4792
609199| 335866| 4792
625157| 342593| 4792
634668| 346466| 4792
646460| 351686| 4792
651549| 353742| 4792
654167| 354749| 4792
688022| 369607| 4792
688361| 369774| 4792
691510| 371075| 4792
692428| 371505| 4792
710988| 379789| 4792
723572| 384810| 4792
748358| 396239| 4792
758145| 400444| 4792
761489| 401774| 4792
771306| 406006| 4792
777515| 408864| 4792
819274| 427685| 4792
823644| 429386| 4792
829135| 431963| 4792
830467| 432772| 4792
839316| 436274| 4792
871574| 451215| 4792
894588| 461101| 4792
917936| 471093| 4792
922189| 472912| 4792
922341| 472964| 4792
925212| 474201| 4792
930103| 476111| 4792
938140| 479486| 4792
940976| 480670| 4792
943528| 481733| 4792
960972| 489169| 4792
967122| 491652| 4792
973958| 494255| 4792
981552| 497310| 4792
998898| 504538| 4792
1000363| 505166| 4792
1019119| 513306| 4792
1050533| 525945| 4792
1054159| 527477| 4792
1057493| 529007| 4792
1073981| 535951| 4792
1080374| 538568| 4792
1092327| 543017| 4792
1095683| 544352| 4792
1119428| 553881| 4792
1123515| 555498| 4792
1127884| 557074| 4792
1135894| 560404| 4792
1147975| 565292| 4792
1149877| 565953| 4792
1154341| 567760| 4792
1154431| 567809| 4792
1162077| 571221| 4792
1176653| 576919| 4792
1185548| 580357| 4792
1198164| 585721| 4792
1202534| 587517| 4792
1204427| 588352| 4792
1205036| 588598| 4792
1208654| 590164| 4792
1217893| 593838| 4792
1225602| 597300| 4792
1225860| 597408| 4792
1230642| 599610| 4792
1250493| 607812| 4792
1267718| 614724| 4792
1267766| 614741| 4792
1270058| 615613| 4792
1283065| 620963| 4792
1339142| 643820| 4792
1341075| 644679| 4792
1347821| 647469| 4792
1348561| 647796| 4792
1349445| 648109| 4792
1350702| 648540| 4792
1359364| 652000| 4792
1404369| 670885| 4792
1411779| 673876| 4792
1418696| 676810| 4792
1423570| 679015| 4792
1444322| 687309| 4792
1450892| 690156| 4792
1452461| 690730| 4792
1454312| 691418| 4792
1490469| 706317| 4792
1497706| 709474| 4792
1549788| 730214| 4792
1550125| 730393| 4792
1557967| 733584| 4792
1560520| 734667| 4792
1567966| 737921| 4792
1572848| 739787| 4792
1582508| 743558| 4792
1597360| 749616| 4792
1617574| 758116| 4792
1620217| 759304| 4792
1627967| 762715| 4792
1642523| 768427| 4792
1666105| 778328| 4792
1671293| 780492| 4792
1677066| 783020| 4792
1683039| 785536| 4792
1689018| 787895| 4792
1691818| 788868| 4792
1706449| 794599| 4792
1709930| 795944| 4792
1738881| 807953| 4792
1769289| 820046| 4792
1775340| 822692| 4792
1779955| 824502| 4792
1799731| 834042| 4792
1821905| 843193| 4792
1824066| 844215| 4792
1835244| 848626| 4792
1854225| 856537| 4792
1863210| 860330| 4792
1972697| 905320| 4792
1990365| 912128| 4792
1995234| 914031| 4792
1995661| 914175| 4792
2001185| 916431| 4792
2040737| 931871| 4792
2070079| 943596| 4792
2074457| 945358| 4792
2087345| 950313| 4792
2100411| 955217| 4792
2133106| 967877| 4792
2136181| 969001| 4792
2137773| 969682| 4792
2160070| 978359| 4792
2171108| 982698| 4792
2177623| 985123| 4792
2223516| 1000578| 4792
2223651| 1000628| 4792
2235109| 1005075| 4792
2247226| 1009676| 4792
2260153| 1014952| 4792
2268323| 1017679| 4792
2268447| 1017736| 4792
2268985| 1017981| 4792
2274709| 1020081| 4792
2278139| 1021436| 4792
2281657| 1022791| 4792
2300140| 1030060| 4792
2311541| 1034293| 4792
2343791| 1046539| 4792
2385882| 1062444| 4792
2390835| 1064373| 4792
2394886| 1065839| 4792
2397362| 1066747| 4792
2401216| 1068309| 4792
2441991| 1084466| 4792
2445410| 1085701| 4792
2450960| 1087817| 4792
2456300| 1089812| 4792
2459263| 1091242| 4792
2463127| 1092820| 4792
2487752| 1102131| 4792
2490527| 1103194| 4792
2494859| 1104791| 4792
2506634| 1109265| 4792
2511156| 1111000| 4792
2517934| 1113479| 4792
2530440| 1118070| 4792
2547455| 1125597| 4792
2550870| 1126987| 4792
2568336| 1134253| 4792
2593380| 1143722| 4792
2595402| 1144533| 4792
2608272| 1149826| 4792
2610109| 1150474| 4792
2626317| 1156609| 4792
2630414| 1158086| 4792
2636276| 1160075| 4792
2641790| 1162159| 4792
2653480| 1166539| 4792
2676504| 1175545| 4792
2680327| 1177024| 4792
2682736| 1177981| 4792
2682740| 1177983| 4792
2683465| 1178260| 4792
2691936| 1182248| 4792
2692341| 1182376| 4792
2696724| 1183885| 4792
2708666| 1188297| 4792
2726481| 1194950| 4792
2737855| 1199222| 4792
2747093| 1202535| 4792
2751685| 1204274| 4792
2754111| 1205135| 4792
2759623| 1207224| 4792
2764138| 1208859| 4792
2768469| 1210625| 4792
2771280| 1211686| 4792
2772397| 1212072| 4792
2778161| 1214228| 4792
2783440| 1216230| 4792
2783683| 1216312| 4792
2792981| 1219762| 4792
2821718| 1230943| 4792
2833857| 1235775| 4792
2854021| 1243596| 4792
2865801| 1247834| 4792
2872836| 1250358| 4792
2877817| 1252382| 4792
2896858| 1259359| 4792
2899563| 1260665| 4792
2907477| 1263776| 4792
2909307| 1264551| 4792
2913246| 1266121| 4792
2919246| 1268337| 4792
2971890| 1288588| 4792
2977374| 1290588| 4792
2997743| 1298518| 4792
3008868| 1302462| 4792
3016748| 1305542| 4792
3029336| 1310284| 4792
3033176| 1311700| 4792
3055697| 1319798| 4792
3088398| 1331150| 4792
3098310| 1334854| 4792
3101336| 1335969| 4792
3118584| 1342397| 4792
3136335| 1349029| 4792
3148760| 1354208| 4792
3151233| 1355100| 4792
3177739| 1364454| 4792
3186382| 1367447| 4792
3206922| 1375325| 4792
3307311| 1414150| 4792
3314677| 1417240| 4792
3318357| 1418675| 4792
3327112| 1421843| 4792
3337406| 1425297| 4792
3359845| 1436711| 4792
3368777| 1441889| 4792
3372604| 1444331| 4792
3381729| 1452144| 4792
3392024| 1459740| 4792
3401915| 1463632| 4792
3405669| 1464774| 4792
3405974| 1464860| 4792
3408659| 1465809| 4792
3422854| 1471261| 4792
3426062| 1472993| 4792
3432888| 1475815| 4792
3439476| 1478161| 4792
3444400| 1479862| 4792
3445393| 1480220| 4792
3468718| 1488418| 4792
3470695| 1489098| 4792
3497869| 1499470| 4792
3499807| 1499852| 4792
3500291| 1500001| 4792
3509771| 1503293| 4792
3510834| 1503653| 4792
3515701| 1504574| 4792
3528165| 1509167| 4792
3533549| 1510873| 4792
3547855| 1515343| 4792
3548085| 1515454| 4792
3558356| 1519103| 4792
3575343| 1525139| 4792
3585537| 1528742| 4792
3587039| 1529436| 4792
3599157| 1533926| 4792
3634085| 1546210| 4792
3652724| 1553064| 4792
3652669| 1553034| 4792
3680642| 1563219| 4792
3691156| 1567510| 4792
3700139| 1570865| 4792
3703483| 1572010| 4792
3708043| 1573789| 4792
3714580| 1575969| 4792
3722884| 1578972| 4792
3727473| 1580664| 4792
3775313| 1598404| 4792
3782585| 1601005| 4792
3809105| 1610668| 4792
3827107| 1616756| 4792
3827591| 1616938| 4792
3839320| 1621019| 4792
3845280| 1623101| 4792
3845920| 1623327| 4792
3854369| 1626180| 4792
3854852| 1626369| 4792
3856559| 1626928| 4792
3856949| 1627024| 4792
3873088| 1632729| 4792
3890195| 1638709| 4792
3890492| 1638805| 4792
3897516| 1641178| 4792
3902999| 1643210| 4792
3903845| 1643498| 4792
3913621| 1647328| 4792
3914675| 1647739| 4792
3917559| 1648874| 4792
3925329| 1651670| 4792
3925761| 1651825| 4792
3926045| 1651922| 4792
3936003| 1655459| 4792
3941029| 1657292| 4792
3954018| 1661823| 4792
3971898| 1668054| 4792
4004945| 1679230| 4792
4006510| 1679800| 4792
4006933| 1679911| 4792
4012019| 1681716| 4792
4017273| 1683618| 4792
4018614| 1684150| 4792
4022782| 1685971| 4792
4029294| 1688611| 4792
4066507| 1701793| 4792
4082336| 1707470| 4792
4087567| 1709125| 4792
4152318| 1731389| 4792
4154034| 1731937| 4792
4155742| 1732534| 4792
4161616| 1734433| 4792
4163599| 1735108| 4792
4172509| 1738389| 4792
4181794| 1741768| 4792
4183595| 1742369| 4792
4185826| 1743181| 4792
4195410| 1746460| 4792
4202979| 1748964| 4792
4203200| 1749030| 4792
4203397| 1749077| 4792
4220815| 1755102| 4792
4239678| 1761868| 4792
4254161| 1767369| 4792
4269084| 1772974| 4792
4283288| 1777871| 4792
4314359| 1788103| 4792
4332694| 1794657| 4792
4334673| 1795363| 4792
4336256| 1795883| 4792
4339071| 1796920| 4792
4343097| 1798257| 4792
4349104| 1800222| 4792
4355548| 1802312| 4792
4356867| 1802725| 4792
4359349| 1803502| 4792
4361165| 1804119| 4792
4366637| 1806034| 4792
4383325| 1811313| 4792
4558775| 1912120| 4792
4566262| 1917255| 4792
4567907| 1918705| 4792
5124587| 2370674| 4792
5163027| 2388884| 4792
5163135| 2388917| 4792
5163519| 2389031| 4792
5175713| 2395590| 4792
5176551| 2395982| 4792
5199659| 2406643| 4792
5203327| 2408893| 4792
5241956| 2429237| 4792
5270515| 2444200| 4792
5345982| 2481927| 4792
5449371| 2534841| 4792
5453096| 2536775| 4792
5453298| 2536872| 4792
5453744| 2537076| 4792
5456163| 2538422| 4792
5489009| 2555742| 4792
5494136| 2558590| 4792
5495148| 2558954| 4792
5542533| 2583075| 4792
5561749| 2593496| 4792
5570563| 2598788| 4792
5570990| 2599068| 4792
5575584| 2601929| 4792
5582530| 2606080| 4792
5622435| 2624346| 4792
5628787| 2627757| 4792
5637941| 2632828| 4792
5638410| 2633119| 4792
5638936| 2633425| 4792
5658023| 2643765| 4792
5665300| 2647459| 4792
5679927| 2654532| 4792
5683817| 2656793| 4792
5686486| 2658407| 4792
5710947| 2672265| 4792
5711018| 2672299| 4792
5712612| 2673159| 4792
5713166| 2673456| 4792
5714403| 2674133| 4792
5739818| 2687196| 4792
5742650| 2688857| 4792
5783233| 2713386| 4792
5785851| 2715017| 4792
5786724| 2715614| 4792
5786973| 2715745| 4792
5787250| 2715890| 4792
5787282| 2715903| 4792
5787439| 2715981| 4792
5787336| 2715934| 4792
5787459| 2715993| 4792
5787558| 2716047| 4792
5844359| 2747965| 4792
5849981| 2751425| 4792
5850266| 2751587| 4792
5857049| 2756360| 4792
5857614| 2756653| 4792
5904601| 2784978| 4792
5908672| 2787188| 4792
5955638| 2811041| 4792
5957177| 2811845| 4792
5977837| 2824087| 4792
5978168| 2824239| 4792
5978705| 2824399| 4792
5979068| 2824534| 4792
5994572| 2832935| 4792
6094972| 2906367| 4792
6122031| 2923128| 4792
6493946| 3300068| 4792
6519533| 3314500| 4792
6525867| 3317949| 4792
6526219| 3318164| 4792
6566909| 3338575| 4792
6590091| 3352519| 4792
6598091| 3356638| 4792
6630673| 3375311| 4792
6631882| 3375960| 4792
6643016| 3382342| 4792
6643099| 3382383| 4792
6650898| 3386982| 4792
6660890| 3392657| 4792
6661345| 3392898| 4792
6662868| 3393666| 4792
6665766| 3395231| 4792
6665801| 3395250| 4792
6666062| 3395395| 4792
6666081| 3395406| 4792
6666332| 3395550| 4792
6666288| 3395525| 4792
6666297| 3395532| 4792
6748958| 3438151| 4792
6845570| 3485351| 4792
6848872| 3486980| 4792
6856889| 3491787| 4792
6857473| 3492147| 4792
6877668| 3504104| 4792
6943728| 3537348| 4792
6944114| 3537484| 4792
6964667| 3548236| 4792
6964968| 3548423| 4792
6998182| 3564296| 4792
6998311| 3564348| 4792
6998497| 3564420| 4792
6998801| 3564532| 4792
6998824| 3564541| 4792
6998851| 3564553| 4792
7001474| 3566398| 4792
7003106| 3567337| 4792
7003131| 3567353| 4792
7010818| 3571346| 4792
7010731| 3571299| 4792
7010945| 3571417| 4792
7010949| 3571420| 4792
7010974| 3571436| 4792
7011049| 3571482| 4792
7011118| 3571516| 4792
7011292| 3571609| 4792
7011325| 3571626| 4792
7011330| 3571628| 4792
7011339| 3571631| 4792
7011427| 3571682| 4792
7011447| 3571692| 4792
7011789| 3571853| 4792
7011798| 3571856| 4792
7011635| 3571784| 4792
7011694| 3571817| 4792
7011877| 3571897| 4792
7011920| 3571921| 4792
7012042| 3571979| 4792
7012135| 3572025| 4792
7012292| 3572106| 4792
7012296| 3572110| 4792
7012449| 3572196| 4792
7012590| 3572269| 4792
7012616| 3572281| 4792
7012607| 3572277| 4792
7012613| 3572280| 4792
7013422| 3572655| 4792
7013727| 3572786| 4792
7014052| 3572916| 4792
7020051| 3575675| 4792
7035070| 3582727| 4792
7035362| 3582850| 4792
7035322| 3582838| 4792
7035421| 3582877| 4792
7053561| 3592260| 4792
7060167| 3595875| 4792
7118850| 3627113| 4792
7119476| 3627457| 4792
7121815| 3628654| 4792
7129755| 3633335| 4792
7132403| 3634506| 4792
7144917| 3640566| 4792
7156956| 3647509| 4792
7165773| 3652252| 4792
7184123| 3661188| 4792
7193246| 3666403| 4792
7206616| 3672627| 4792
7223450| 3681484| 4792
7292682| 3723899| 4792
7292888| 3724024| 4792
7320441| 3738319| 4792
7321288| 3738742| 4792
7388605| 3774470| 4792
7389949| 3775268| 4792
7483215| 3837548| 4792
7483373| 3837632| 4792
7517336| 3848828| 4792
7589025| 3884582| 4792
7686101| 3971058| 4792
7686002| 3971004| 4792
7695513| 3976414| 4792
7696585| 3976998| 4792
7758116| 4010454| 4792
7760574| 4011864| 4792
7761657| 4012419| 4792
7787484| 4023452| 4792
7790356| 4024943| 4792
7790292| 4024901| 4792
7801482| 4029642| 4792
7841749| 4049823| 4792
7904864| 4087677| 4792
8173216| 4273827| 4792
8283482| 4305687| 4792
8289709| 4307060| 4792
8323834| 302795| 4792
8330795| 4318233| 4792
8340070| 4319369| 4792
8355986| 4321042| 4792
8370417| 4327954| 4792
8388573| 4332228| 4792
8390323| 4332639| 4792
8402414| 1275710| 4792
8428507| 4334353| 4792
8430009| 4334570| 4792
8430332| 4334633| 4792
8439425| 4335968| 4792
8439413| 4335966| 4792
8465551| 4340751| 4792
8492292| 4342790| 4792
8570104| 4358098| 4792
8572378| 4358818| 4792
8574681| 4359455| 4792
8575781| 4359725| 4792
8636894| 4381291| 4792
8637778| 4381452| 4792
8657710| 4385742| 4792
8660382| 4386540| 4792
8672655| 4387994| 4792
8902557| 1077608| 4792
8910716| 1127007| 4792
8983453| 1434904| 4792
9141595| 4515322| 4792
9252254| 4581578| 4792
9252173| 4581529| 4792
9593521| 4825636| 4792
9595393| 4827156| 4792
9596513| 4827629| 4792
9596752| 4827727| 4792
9596819| 4827755| 4792
9596894| 4827789| 4792
9598118| 4828309| 4792
9646164| 4866049| 4792
9652486| 4867854| 4792
9687206| 4889118| 4792
9687761| 4889303| 4792
9688421| 4889525| 4792
9688611| 4889583| 4792
9688889| 4889680| 4792
9691454| 4890520| 4792
9691800| 4890644| 4792
9691742| 4890622| 4792
9735163| 4915221| 4792
9887323| 5028799| 4792
9899559| 5035112| 4792
9990063| 5096202| 4792
9998154| 5097420| 4792
10002310| 5098094| 4792
10023535| 5111618| 4792
10078747| 5150216| 4792
10084844| 5154884| 4792
10084928| 5154937| 4792
10085076| 5155017| 4792
10085081| 5155020| 4792
10085184| 5155071| 4792
10085138| 5155047| 4792
10085146| 5155051| 4792
10086831| 5156455| 4792
10181177| 5222523| 4792
10406792| 5389785| 4792
10409849| 5391209| 4792
10416146| 5394578| 4792
10488010| 5443836| 4792
10496479| 5449039| 4792
10498761| 5450439| 4792
10499279| 5450737| 4792
10740090| 5608168| 4792
10748082| 5612712| 4792
10748294| 5612808| 4792
10761310| 5620278| 4792
10768738| 5624625| 4792
10811471| 5649941| 4792
10815712| 5651937| 4792
10824670| 5656749| 4792
10824824| 5656822| 4792
10829844| 5659607| 4792
10830120| 5659784| 4792
10830158| 5659806| 4792
10832042| 5660997| 4792
10834038| 5662298| 4792
10837106| 5664414| 4792
10837266| 5664525| 4792
10840031| 5666292| 4792
10849591| 5671919| 4792
10866999| 5683214| 4792
10876607| 5689389| 4792
10876699| 5689451| 4792
10876733| 5689476| 4792
10880085| 5691607| 4792
10880746| 5692015| 4792
10888451| 5697277| 4792
10889121| 5697669| 4792
10890904| 5698830| 4792
10905614| 5707657| 4792
10911533| 5711333| 4792
10911566| 5711350| 4792
10914909| 5713432| 4792
10915072| 5713540| 4792
10915402| 5713748| 4792
10915533| 5713815| 4792
10915560| 5713832| 4792
10915956| 5714045| 4792
10919019| 5715924| 4792
10926136| 5721665| 4792
10926516| 5721848| 4792
10926985| 5722044| 4792
10938497| 5729632| 4792
10959165| 5742150| 4792
10959893| 5742593| 4792
10960294| 5742829| 4792
10960783| 5743113| 4792
10962103| 5743915| 4792
10961930| 5743805| 4792
10962533| 5744157| 4792
10962754| 5744296| 4792
10963192| 5744572| 4792
10963842| 5744959| 4792
10964458| 5745339| 4792
10964477| 5745350| 4792
10978490| 5752703| 4792
10982335| 5754659| 4792
10995601| 5761764| 4792
11009220| 5769585| 4792
11030535| 5782310| 4792
11067640| 5803947| 4792
11080465| 5810968| 4792
11109298| 5828126| 4792
11109799| 5828375| 4792
11110354| 5828650| 4792
11119021| 5834713| 4792
11122869| 5836809| 4792
11123169| 5836985| 4792
11123319| 5837063| 4792
11123353| 5837082| 4792
11130637| 5841266| 4792
11130964| 5841426| 4792
11132128| 5841952| 4792
11157526| 5856949| 4792
11157561| 5856971| 4792
11158285| 5857342| 4792
11162070| 5859296| 4792
11165337| 5861193| 4792
11166083| 5861607| 4792
11168802| 5863083| 4792
11169908| 5863577| 4792
11190377| 5876682| 4792
11192567| 5877925| 4792
11193116| 5878233| 4792
11199813| 5881916| 4792
11201787| 5882866| 4792
11242165| 5906622| 4792
11242324| 5906714| 4792
11245818| 5908482| 4792
11287139| 5933538| 4792
11292425| 5936952| 4792
11299954| 5941290| 4792
11314952| 5949857| 4792
11317787| 5951512| 4792
11318155| 5951711| 4792
11318294| 5951789| 4792
11319375| 5952379| 4792
11319755| 5952580| 4792
11324133| 5954952| 4792
11324853| 5955293| 4792
11333988| 5960398| 4792
11345897| 5967532| 4792
11346929| 5968094| 4792
11352633| 5970905| 4792
11352695| 5970930| 4792
11356617| 5973237| 4792
11356808| 5973339| 4792
11357169| 5973530| 4792
11358841| 5974416| 4792
11363119| 5976580| 4792
11391939| 5998753| 4792
11391886| 5998723| 4792
11397992| 6002277| 4792
11398402| 6002505| 4792
11537045| 6108553| 4792
11539911| 6109932| 4792
11572600| 6125868| 4792
11572777| 6125957| 4792
11573605| 6126435| 4792
11573741| 6126506| 4792
11573749| 6126512| 4792
11575860| 6127624| 4792
11576777| 6128074| 4792
11576669| 6128018| 4792
11577040| 6128197| 4792
11577727| 6128563| 4792
11585833| 6132019| 4792
11588810| 6133200| 4792
11595476| 6135655| 4792
11596072| 6135920| 4792
11596217| 6135977| 4792
11598971| 6137198| 4792
11600113| 6137733| 4792
11600495| 6137903| 4792
11618921| 6149968| 4792
11618931| 6149973| 4792
11619035| 6150019| 4792
11619068| 6150029| 4792
11619075| 6150030| 4792
11619011| 6150006| 4792
11619066| 6150028| 4792
11635726| 6158863| 4792
11635743| 6158873| 4792
11636341| 6159214| 4792
11770608| 6279493| 4792
11773119| 6280976| 4792
11787748| 6290155| 4792
11787965| 6290289| 4792
11792289| 6292663| 4792
11792752| 6292940| 4792
11794435| 6293941| 4792
11795549| 6294539| 4792
11991422| 6461678| 4792
12008357| 6471928| 4792
12008573| 6472056| 4792
12012870| 6474317| 4792
12013339| 6474584| 4792
12015009| 6475537| 4792
12016466| 6476262| 4792
12119353| 6537661| 4792
12176570| 6641342| 4792
12243376| 6667246| 4792
12243489| 6667302| 4792
12243855| 6667451| 4792
12264526| 6677225| 4792
12428914| 6820141| 4792
12585042| 6939139| 4792
12589621| 6941330| 4792
12589738| 6941395| 4792
12593513| 6943489| 4792
12597322| 6945514| 4792
12597447| 6945556| 4792
12597884| 6945728| 4792
12598069| 6945802| 4792
12598249| 6945873| 4792
12598882| 6946228| 4792
12599985| 6946719| 4792
12600244| 6946833| 4792
12600295| 6946846| 4792
12600460| 6946903| 4792
12606870| 6948679| 4792
12623193| 6954486| 4792
12639676| 6960789| 4792
12639896| 6960891| 4792
12642014| 6961881| 4792
12642849| 6962428| 4792
12644025| 6963028| 4792
12644161| 6963081| 4792
12644380| 6963181| 4792
12644416| 6963193| 4792
12644877| 6963383| 4792
12644998| 6963433| 4792
12645255| 6963539| 4792
12645956| 6963813| 4792
12648917| 6964940| 4792
12658491| 6967047| 4792
12658742| 6967193| 4792
12659086| 6967379| 4792
12658948| 6967305| 4792
12664325| 6969813| 4792
12665597| 6970474| 4792
12670200| 6971551| 4792
12672578| 6972540| 4792
12672557| 6972533| 4792
13265916| 7736047| 4792
13271239| 7738214| 4792
13271889| 7738562| 4792
13274901| 7740227| 4792
13275558| 7740583| 4792
13318131| 7766083| 4792
13318187| 7766098| 4792
13325056| 7768229| 4792
13339218| 7774273| 4792
13366166| 7788207| 4792
13376030| 7793266| 4792
13408197| 7808161| 4792
13419562| 7813961| 4792
13441599| 7825792| 4792
13481625| 7851031| 4792
13513401| 7865166| 4792
13557270| 7884616| 4792
13564308| 7887698| 4792
13571838| 7891366| 4792
13571855| 7891375| 4792
13580168| 1786754| 4792
13601925| 7904988| 4792
13612221| 7908390| 4792
411467| 245859| 4792
7012388| 3572161| 4792
662650| 358446| 4792
1180921| 578536| 4792
1210148| 590797| 4792
1501202| 710971| 4792
1565401| 736756| 4792
1784917| 826756| 4792
1819529| 842201| 4792
1867881| 862247| 4792
2125902| 965134| 4792
2150378| 974615| 4792
2537515| 1121689| 4792
2581106| 1139201| 4792
2629226| 1157662| 4792
2976794| 1290372| 4792
2982022| 1291697| 4792
3105726| 1337701| 4792
5456146| 2538413| 4792
5456199| 2538443| 4792
5471351| 2547115| 4792
5472652| 2547862| 4792
5569973| 2598367| 4792
5570601| 2598811| 4792
5570987| 2599066| 4792
5638379| 2633101| 4792
5638738| 2633309| 4792
5856938| 2756293| 4792
5857488| 2756589| 4792
5974425| 2822192| 4792
6749660| 3438524| 4792
6854059| 3490100| 4792
6855500| 3490865| 4792
7116932| 3625996| 4792
7520463| 3850494| 4792
7805827| 4031057| 4792
7806562| 4031205| 4792
8688297| 1629985| 4792
10416161| 5394589| 4792
10478460| 5436912| 4792
10478529| 5436958| 4792
10482011| 5439345| 4792
10494243| 5447669| 4792
10496353| 5448963| 4792
10496453| 5449024| 4792
10733500| 5604410| 4792
10744387| 5610641| 4792
10802261| 5643659| 4792
10811478| 5649944| 4792
10824630| 5656729| 4792
10824785| 5656806| 4792
10830283| 5659891| 4792
10830848| 5660243| 4792
10831508| 5660672| 4792
10831526| 5660682| 4792
10832016| 5660978| 4792
10832472| 5661274| 4792
10833734| 5662100| 4792
10837189| 5664476| 4792
10840778| 5666755| 4792
10876719| 5689469| 4792
10876747| 5689486| 4792
10880884| 5692094| 4792
10882854| 5693450| 4792
10892090| 5699327| 4792
10926094| 5721646| 4792
10926494| 5721840| 4792
10926500| 5721842| 4792
10959637| 5742434| 4792
10959942| 5742624| 4792
10960273| 5742817| 4792
10960714| 5743071| 4792
10961384| 5743483| 4792
10961479| 5743537| 4792
10962387| 5744078| 4792
10962609| 5744202| 4792
10962674| 5744241| 4792
10963195| 5744574| 4792
10963358| 5744669| 4792
10963915| 5745004| 4792
10963951| 5745025| 4792
10993173| 5760727| 4792
11006775| 5768270| 4792
11021171| 5777007| 4792
11030611| 5782353| 4792
11033354| 5784087| 4792
11062502| 5801011| 4792
11068133| 5804178| 4792
11068150| 5804186| 4792
11080436| 5810954| 4792
11119099| 5834759| 4792
11119794| 5835134| 4792
11159324| 5857899| 4792
11159999| 5858218| 4792
11189644| 5876248| 4792
11191979| 5877584| 4792
11192087| 5877652| 4792
11193107| 5878229| 4792
11276583| 5927384| 4792
11276804| 5927491| 4792
11283851| 5931702| 4792
11285561| 5932680| 4792
11287593| 5933788| 4792
11315010| 5949888| 4792
11315137| 5949972| 4792
11319051| 5952204| 4792
11319466| 5952432| 4792
11323820| 5954814| 4792
11324225| 5954998| 4792
11324791| 5955265| 4792
11337530| 5962504| 4792
11345764| 5967455| 4792
11346746| 5967988| 4792
11346954| 5968108| 4792
11352598| 5970885| 4792
11352705| 5970936| 4792
11356656| 5973257| 4792
11356777| 5973322| 4792
11357561| 5973739| 4792
11359294| 5974651| 4792
11363062| 5976551| 4792
11363150| 5976592| 4792
7001880| 3566661| 4792
7904786| 4087622| 4792
10914906| 5713429| 4792
11242106| 5906588| 4792
11391868| 5998711| 4792
1217031| 593504| 4792
1611582| 755388| 4792
1751465| 812635| 4792
11772413| 6280542| 4792
11775095| 6282256| 4792
11993105| 6462634| 4792
11995767| 6464291| 4792
2285467| 1024490| 4792
5577119| 2602737| 4792
5964519| 2815335| 4792
6567020| 3338669| 4792
7004581| 3568150| 4792
7005333| 3568561| 4792
7006079| 3568955| 4792
13403816| 7806076| 4792
13470025| 7844742| 4792
1915380| 881516| 4792
4557364| 1910997| 4792
1948808| 896310| 4792
3596938| 1533003| 4792
1964371| 902499| 4792
2155674| 976630| 4792
2201441| 991885| 4792
2336410| 1043750| 4792
5562094| 2593693| 4792
5709866| 2671683| 4792
5783878| 2713751| 4792
5823951| 2735018| 4792
5908795| 2787253| 4792
7164709| 3651635| 4792
7685955| 3970979| 4792
7685957| 3970980| 4792
7686309| 3971163| 4792
12658833| 6967247| 4792
13393162| 7801210| 4792
2842413| 1239042| 4792
6650340| 3386686| 4792
3069927| 1324580| 4792
3072283| 1325581| 4792
4016644| 1683361| 4792
5580409| 2604778| 4792
5621121| 2623617| 4792
5794936| 2720302| 4792
5903519| 2784444| 4792
5903782| 2784580| 4792
6754154| 3440632| 4792
7021550| 3576220| 4792
7179809| 3658892| 4792
7206510| 3672572| 4792
12595096| 6944401| 4792
12658500| 6967051| 4792
12658740| 6967191| 4792
12659376| 6967528| 4792
12660166| 6967927| 4792
12661916| 6968703| 4792
4320707| 1790349| 4792
5241711| 2429116| 4792
13408599| 7808387| 4792
13414914| 7811519| 4792
5823678| 2734850| 4792
7756395| 4009423| 4792
7770874| 4014725| 4792
8362896| 4321840| 4792
12600229| 6946832| 4792
13547616| 5992144| 4792
8088268| 4251260| 4792
8540978| 4351255| 4792
8427522| 4334204| 4792
8430058| 4334580| 4792
8573901| 4359250| 4792
8575520| 4359671| 4792
8575731| 4359717| 4792
11810085| 6301782| 4792
11810808| 6302146| 4792
12030448| 6482777| 4792
12031171| 6483127| 4792
8573107| 4359038| 4792
8573787| 4359227| 4792
8520162| 4346358| 4792
8431433| 4334806| 4792
8450785| 4337211| 4792
8574475| 4359402| 4792
8949458| 1296280| 4792
11002234| 5765832| 4792
11319721| 5952559| 4792
11399421| 6002974| 4792
11511153| 6091298| 4792
11542267| 6110992| 4792
11543247| 6111491| 4792
11546206| 6112697| 4792
11549929| 6114145| 4792
11617533| 1776238| 4792
11552159| 6115010| 4792
11552529| 6115138| 4792
11579744| 6129495| 4792
11801978| 6297856| 4792
12022506| 1417243| 4792
11557700| 6117230| 4792
11588704| 6133164| 4792
11558737| 6117617| 4792
11559216| 6117822| 4792
11590527| 6133791| 4792
11595381| 6135612| 4792
11578012| 6128759| 4792
11580049| 6129614| 4792
11583094| 6130939| 4792
11585843| 6132021| 4792
11587821| 6132855| 4792
11589206| 6133342| 4792
11590725| 6133865| 4792
12022375| 6479131| 4792
11596022| 6135899| 4792
11596215| 6135976| 4792
11596755| 6136211| 4792
11596843| 6136245| 4792
11600085| 6137720| 4792
11601130| 6138180| 4792
11601388| 6138316| 4792
11618799| 6149924| 4792
11619881| 6150334| 4792
11619033| 6150017| 4792
11619429| 6150162| 4792
11619531| 6150201| 4792
11622393| 6151534| 4792
11625821| 6152972| 4792
11778554| 6284506| 4792
11781613| 6286309| 4792
11788079| 6290349| 4792
12008686| 6472113| 4792
11796537| 6295064| 4792
11811689| 6302650| 4792
12017088| 6476588| 4792
12032050| 6483625| 4792
11799765| 6296798| 4792
12020307| 6478201| 4792
11801841| 6297799| 4792
11802381| 6298055| 4792
12022900| 6479362| 4792
11802953| 6298345| 4792
12023431| 6479613| 4792
11805383| 6299594| 4792
12025751| 6480745| 4792
11807040| 6300345| 4792
11946588| 6427983| 4792
11999204| 6466478| 4792
12002254| 6468223| 4792
12027405| 6481439| 4792
12176523| 6641288| 4792
12259295| 6674538| 4792
13260691| 7734102| 4792
13265881| 7736030| 4792
13266585| 7736294| 4792
13275549| 7740578| 4792
13276305| 7741189| 4792
13276352| 7741215| 4792
13280164| 7743299| 4792
13285227| 7745492| 4792
13325030| 7768219| 4792
13341329| 7775235| 4792
13542080| 7876986| 4792
13343474| 7776160| 4792
13367405| 7788853| 4792
13507698| 7863131| 4792
13526202| 7870271| 4792
13536633| 7874725| 4792
13537806| 7875299| 4792
13540869| 7876484| 4792
13550353| 7882120| 4792
4135119| 1725767| 4792
8906750| 1108672| 4792
2671337| 1173486| 4792
425989| 252137| 4792
489367| 281930| 4792
512645| 293619| 4792
558570| 314367| 4792
599429| 331886| 4792
632205| 345506| 4792
653078| 354330| 4792
702410| 376055| 4792
739753| 392246| 4792
746824| 395471| 4792
783669| 411483| 4792
802726| 419672| 4792
820397| 428207| 4792
856628| 444562| 4792
862319| 447295| 4792
865826| 448791| 4792
886801| 457769| 4792
933066| 477323| 4792
1010569| 509480| 4792
1036979| 520336| 4792
1040663| 521789| 4792
1048580| 525187| 4792
1066185| 532628| 4792
1072528| 535416| 4792
1077980| 537472| 4792
1133501| 559433| 4792
1165523| 572652| 4792
1209832| 590681| 4792
1219672| 594464| 4792
1272806| 616716| 4792
1302653| 628863| 4792
1311550| 632614| 4792
1311609| 632630| 4792
1314519| 633740| 4792
1378510| 660219| 4792
1386077| 663199| 4792
1413533| 674592| 4792
1431630| 682528| 4792
1440827| 686035| 4792
1452535| 690755| 4792
1494558| 708097| 4792
1526471| 721171| 4792
1540832| 726761| 4792
1546213| 728852| 4792
1550572| 730620| 4792
1560063| 734447| 4792
1563823| 736028| 4792
1565715| 736905| 4792
1601640| 751232| 4792
1620396| 759358| 4792
1624154| 761103| 4792
1628083| 762782| 4792
1642270| 768320| 4792
1663218| 777228| 4792
1676411| 782737| 4792
1758306| 815438| 4792
1768789| 819865| 4792
1802968| 835608| 4792
1815083| 840438| 4792
1856592| 857488| 4792
1870943| 863595| 4792
1890250| 871457| 4792
1922231| 884395| 4792
1964646| 902596| 4792
1977191| 907092| 4792
2024414| 925468| 4792
2055251| 937579| 4792
2095074| 953119| 4792
2102559| 956036| 4792
2104070| 956638| 4792
2118757| 962267| 4792
2147388| 973451| 4792
2159950| 978309| 4792
2174071| 983798| 4792
2224020| 1000754| 4792
2235001| 1005037| 4792
2244109| 1008265| 4792
2254890| 1012519| 4792
2258023| 1013799| 4792
2260173| 1014957| 4792
2276333| 1020745| 4792
2281786| 1022853| 4792
2284711| 1024212| 4792
2324206| 1039146| 4792
2326864| 1040078| 4792
2326903| 1040091| 4792
2343996| 1046609| 4792
2352040| 1049646| 4792
2367269| 1055326| 4792
2372005| 1057258| 4792
2382717| 1061177| 4792
2386032| 1062504| 4792
2392464| 1065126| 4792
2407034| 1070468| 4792
2443792| 1085171| 4792
2448615| 1086876| 4792
2461383| 1092165| 4792
2461746| 1092290| 4792
2468822| 1094867| 4792
2492533| 1103919| 4792
2526496| 1116793| 4792
2536767| 1121421| 4792
2563685| 1132398| 4792
2567084| 1133777| 4792
2598491| 1145922| 4792
2603237| 1147648| 4792
2604138| 1147976| 4792
2647066| 1164260| 4792
2651514| 1165873| 4792
2656986| 1167833| 4792
2666451| 1171405| 4792
2668300| 1172083| 4792
2676384| 1175484| 4792
2689191| 1180566| 4792
2700360| 1185180| 4792
2723290| 1193772| 4792
2727176| 1195207| 4792
2741758| 1200578| 4792
2766964| 1209999| 4792
2798870| 1222039| 4792
2833849| 1235771| 4792
2863263| 1246960| 4792
2865058| 1247570| 4792
2865335| 1247690| 4792
2887404| 1255868| 4792
2910173| 1264855| 4792
2917883| 1267850| 4792
2932745| 1273531| 4792
2934010| 1274033| 4792
2947825| 1279186| 4792
2952296| 1280901| 4792
2997744| 1298520| 4792
2997809| 1298548| 4792
2997834| 1298557| 4792
2997840| 1298558| 4792
3018030| 1306033| 4792
3021909| 1307528| 4792
3022448| 1307690| 4792
3033611| 1311856| 4792
3034754| 1312317| 4792
3047840| 1317195| 4792
3067927| 1323852| 4792
3071085| 1325075| 4792
3100936| 1335820| 4792
3179280| 1364901| 4792
3184657| 1366807| 4792
3192510| 1369793| 4792
3218361| 1379377| 4792
3247451| 1390451| 4792
3285446| 1406145| 4792
3287144| 1406668| 4792
3308831| 1414829| 4792
3325154| 1421159| 4792
3348841| 1430067| 4792
3354550| 1433463| 4792
3366449| 1440789| 4792
3416724| 1469368| 4792
3416725| 1469369| 4792
3455990| 1483739| 4792
3469287| 1488594| 4792
3491835| 1497316| 4792
3515699| 1504573| 4792
3534601| 1511291| 4792
3596693| 1532889| 4792
3603126| 1535459| 4792
3615775| 1539771| 4792
3627741| 1544030| 4792
3688891| 1566525| 4792
3697251| 1569800| 4792
3734399| 1583065| 4792
3741758| 1585884| 4792
3748688| 1588885| 4792
3748822| 1588964| 4792
3748967| 1589043| 4792
3749226| 1589191| 4792
3766324| 1595139| 4792
3781578| 1600604| 4792
3800760| 1607582| 4792
3814221| 1612405| 4792
3827603| 1616942| 4792
3831675| 1618213| 4792
3841786| 1621877| 4792
3854539| 1626239| 4792
3868970| 1631149| 4792
3914454| 1647643| 4792
3949182| 1660162| 4792
3976503| 1669613| 4792
3993685| 1675359| 4792
3993686| 1675360| 4792
3995767| 1676071| 4792
4003993| 1678908| 4792
4030893| 1689138| 4792
4054656| 1697537| 4792
4059337| 1699060| 4792
4091644| 1710532| 4792
4118973| 1720068| 4792
4126711| 1722688| 4792
4131754| 1724568| 4792
4141456| 1727870| 4792
4164741| 1735561| 4792
4170953| 1737790| 4792
4172647| 1738428| 4792
4198856| 1747525| 4792
4203785| 1749187| 4792
4235036| 1760110| 4792
4246943| 1764772| 4792
4254751| 1767580| 4792
4267997| 1772613| 4792
4268800| 1772890| 4792
4322949| 1791113| 4792
4326874| 1792711| 4792
4336910| 1796100| 4792
4341662| 1797782| 4792
4343469| 1798376| 4792
4348948| 1800169| 4792
4354287| 1801945| 4792
4370562| 1807411| 4792
4546040| 1702479| 4792
4565722| 1916973| 4792
4565888| 1917062| 4792
4567954| 1918737| 4792
5137653| 2378237| 4792
5175551| 2395495| 4792
5176398| 2395923| 4792
5179537| 2397913| 4792
5199417| 2406512| 4792
5199795| 2406709| 4792
5200258| 2406947| 4792
5200522| 2407082| 4792
5200575| 2407110| 4792
5203705| 2409116| 4792
5204311| 2409455| 4792
5210871| 2413330| 4792
5241213| 2428843| 4792
5243159| 2429892| 4792
5243563| 2430095| 4792
5245875| 2431271| 4792
5271243| 2444536| 4792
5321572| 2468987| 4792
5359777| 2489301| 4792
5446642| 2533227| 4792
5448362| 2534282| 4792
5448700| 2534481| 4792
5449146| 2534728| 4792
5452614| 2536551| 4792
5452994| 2536730| 4792
5453868| 2537134| 4792
5456403| 2538555| 4792
5456442| 2538576| 4792
5485486| 2553821| 4792
5531449| 2577331| 4792
5541249| 2582285| 4792
5553923| 2589132| 4792
5557735| 2591243| 4792
5569708| 2598193| 4792
5570238| 2598560| 4792
5570314| 2598611| 4792
5570440| 2598701| 4792
5570491| 2598733| 4792
5570759| 2598909| 4792
5571067| 2599120| 4792
5574677| 2601444| 4792
5575900| 2602098| 4792
5576806| 2602585| 4792
5579255| 2604070| 4792
5583655| 2606636| 4792
5584971| 2607358| 4792
5613938| 2619747| 4792
5613994| 2619784| 4792
5622229| 2624232| 4792
5637685| 2632679| 4792
5639017| 2633471| 4792
5683381| 2656556| 4792
5683412| 2656573| 4792
5698945| 2665038| 4792
5708508| 2670893| 4792
5709013| 2671176| 4792
5709017| 2671177| 4792
5709249| 2671317| 4792
5710226| 2671885| 4792
5710666| 2672112| 4792
5710723| 2672148| 4792
5710789| 2672185| 4792
5711026| 2672304| 4792
5711594| 2672620| 4792
5713007| 2673372| 4792
5714755| 2674307| 4792
5717447| 2675852| 4792
5717785| 2676050| 4792
5739974| 2687305| 4792
5743245| 2689161| 4792
5743881| 2689526| 4792
5759733| 2697940| 4792
5787284| 2715904| 4792
5787462| 2715994| 4792
5787622| 2716078| 4792
5795251| 2720505| 4792
5844314| 2747934| 4792
5849906| 2751382| 4792
5850196| 2751550| 4792
5850309| 2751608| 4792
5850354| 2751631| 4792
5850380| 2751644| 4792
5850429| 2751673| 4792
5856783| 2756215| 4792
5857060| 2756366| 4792
5857397| 2756537| 4792
5884512| 2771867| 4792
5908674| 2787189| 4792
5909196| 2787468| 4792
5909246| 2787499| 4792
5909473| 2787634| 4792
5909703| 2787766| 4792
5909818| 2787823| 4792
5910011| 2787932| 4792
5915383| 2791010| 4792
5935995| 2801812| 4792
5937070| 2802274| 4792
5937869| 2802677| 4792
5956849| 2811652| 4792
5957000| 2811746| 4792
5964478| 2815320| 4792
5970430| 2818855| 4792
5974286| 2822111| 4792
5974561| 2822270| 4792
5987492| 2829532| 4792
6094928| 2906340| 4792
6095748| 2906774| 4792
6095835| 2906821| 4792
6095966| 2906891| 4792
6096376| 2907097| 4792
6519597| 3314538| 4792
6526261| 3318189| 4792
6526278| 3318201| 4792
6567266| 3338858| 4792
6589534| 3352199| 4792
6633477| 3376779| 4792
6650913| 3386990| 4792
6659931| 3392172| 4792
6665821| 3395261| 4792
6666140| 3395438| 4792
6666306| 3395537| 4792
6666402| 3395589| 4792
6666482| 3395636| 4792
6666543| 3395666| 4792
6666587| 3395691| 4792
6666624| 3395710| 4792
6666786| 3395796| 4792
6666812| 3395805| 4792
6680491| 3402992| 4792
6738475| 3432986| 4792
6739066| 3433276| 4792
6739965| 3433764| 4792
6812810| 3469253| 4792
6812975| 3469369| 4792
6813073| 3469427| 4792
6820773| 3473449| 4792
6848632| 3486869| 4792
6852990| 3489445| 4792
6853619| 3489836| 4792
6856951| 3491823| 4792
6857253| 3492013| 4792
6857644| 3492252| 4792
6870385| 3499678| 4792
6885034| 3508451| 4792
6885092| 3508489| 4792
6885114| 3508500| 4792
6911741| 3522619| 4792
6965955| 3549008| 4792
6975434| 3554321| 4792
6986967| 3559049| 4792
6998109| 3564262| 4792
7004801| 3568270| 4792
7011055| 3571485| 4792
7011123| 3571520| 4792
7011170| 3571544| 4792
7011252| 3571589| 4792
7011500| 3571713| 4792
7011514| 3571720| 4792
7011526| 3571727| 4792
7011534| 3571731| 4792
7011697| 3571818| 4792
7011760| 3571842| 4792
7011794| 3571855| 4792
7011915| 3571919| 4792
7011941| 3571930| 4792
7012145| 3572029| 4792
7012172| 3572044| 4792
7012304| 3572114| 4792
7012628| 3572288| 4792
7012672| 3572311| 4792
7012685| 3572318| 4792
7027912| 3579011| 4792
7034929| 3582657| 4792
7034999| 3582692| 4792
7035111| 3582747| 4792
7035159| 3582766| 4792
7044543| 3587551| 4792
7049064| 3590085| 4792
7067784| 3599346| 4792
7068098| 3599541| 4792
7074380| 3603203| 4792
7079717| 3605752| 4792
7120407| 3627944| 4792
7120469| 3627975| 4792
7125857| 3631318| 4792
7156997| 3647526| 4792
7159343| 3648517| 4792
7160832| 3649366| 4792
7161524| 3649761| 4792
7162111| 3650103| 4792
7162178| 3650140| 4792
7164705| 3651632| 4792
7164946| 3651789| 4792
7164956| 3651793| 4792
7165572| 3652139| 4792
7165576| 3652140| 4792
7166144| 3652443| 4792
7178411| 3658159| 4792
7178662| 3658292| 4792
7188398| 3663575| 4792
7189031| 3663955| 4792
7190589| 3664904| 4792
7190837| 3665053| 4792
7190965| 3665134| 4792
7193476| 3666519| 4792
7207039| 3672809| 4792
7207630| 3673101| 4792
7207952| 3673229| 4792
7215242| 3676954| 4792
7215258| 3676962| 4792
7219088| 3678910| 4792
7220191| 3679418| 4792
7222091| 3680677| 4792
7262961| 3704456| 4792
7274329| 3713480| 4792
7278017| 3715668| 4792
7293191| 3724197| 4792
7319997| 3738080| 4792
7320165| 3738175| 4792
7320289| 3738249| 4792
7321268| 3738731| 4792
7322233| 3739208| 4792
7329657| 3743431| 4792
7346754| 3752016| 4792
7369244| 3764310| 4792
7370682| 3765118| 4792
7371179| 3765399| 4792
7389887| 3775225| 4792
7390045| 3775323| 4792
7391396| 3776081| 4792
7467724| 3828503| 4792
7482689| 3837229| 4792
7482706| 3837241| 4792
7482812| 3837309| 4792
7483376| 3837634| 4792
7483574| 3837760| 4792
7483768| 3837890| 4792
7484741| 3838453| 4792
7484755| 3838462| 4792
7485118| 3838671| 4792
7485497| 3838845| 4792
7485523| 3838862| 4792
7485840| 3839028| 4792
7486015| 3839126| 4792
7486112| 3839183| 4792
7486261| 3839263| 4792
7486328| 3839301| 4792
7486360| 3839316| 4792
7486382| 3839323| 4792
7486499| 3839388| 4792
7486533| 3839407| 4792
7486564| 3839428| 4792
7486684| 3839499| 4792
7517668| 3849019| 4792
7520371| 3850441| 4792
7576428| 3876125| 4792
7587720| 3883832| 4792
7588406| 3884243| 4792
7685558| 3970766| 4792
7685561| 3970768| 4792
7685574| 3970774| 4792
7685748| 3970866| 4792
7686353| 3971185| 4792
7686496| 3971260| 4792
7707999| 3983718| 4792
7757927| 4010333| 4792
7757929| 4010335| 4792
7757937| 4010341| 4792
7768299| 4014466| 4792
7788962| 4024211| 4792
7789193| 4024310| 4792
7789345| 4024386| 4792
7789348| 4024387| 4792
7789454| 4024437| 4792
7789466| 4024443| 4792
7789471| 4024445| 4792
7789853| 4024624| 4792
7789859| 4024626| 4792
7789863| 4024628| 4792
7790449| 4024998| 4792
7809120| 4032404| 4792
7810314| 4033040| 4792
7811068| 4033483| 4792
7811291| 4033614| 4792
7837841| 4047576| 4792
7837843| 4047577| 4792
7837860| 4047590| 4792
7837891| 4047611| 4792
7837903| 4047617| 4792
7837906| 4047618| 4792
7837943| 4047641| 4792
7837946| 4047643| 4792
7838066| 4047729| 4792
7841858| 4049899| 4792
8672690| 4388006| 4792
9099862| 4489925| 4792
9099889| 4489936| 4792
9121310| 4503019| 4792
9122158| 4503671| 4792
9122164| 4503676| 4792
9122641| 4503994| 4792
9122642| 4503995| 4792
9123026| 4504246| 4792
9133577| 4510370| 4792
9133609| 4510390| 4792
9138987| 4513632| 4792
9142175| 4515634| 4792
9159120| 4526162| 4792
9166313| 4531073| 4792
9167275| 4531772| 4792
9169768| 4533427| 4792
9177695| 4538376| 4792
9205276| 4553900| 4792
9205278| 4553901| 4792
9213176| 4558781| 4792
9593564| 4825661| 4792
9594640| 4826610| 4792
9596181| 4827489| 4792
9599147| 4828736| 4792
9686584| 4888872| 4792
9686975| 4889033| 4792
9689218| 4889790| 4792
9689963| 4890042| 4792
9691428| 4890511| 4792
9734023| 4914572| 4792
9735217| 4915251| 4792
9735232| 4915261| 4792
9881988| 5026703| 4792
9946028| 5074968| 4792
9957877| 5080969| 4792
10022273| 5111173| 4792
10185318| 5224561| 4792
10406462| 5389655| 4792
10406524| 5389676| 4792
10406844| 5389815| 4792
10407646| 5390110| 4792
10416448| 5394735| 4792
10416724| 5394875| 4792
10479364| 5437529| 4792
10479701| 5437762| 4792
10482446| 5439642| 4792
10483265| 5440217| 4792
10489159| 5444588| 4792
10489587| 5444839| 4792
10498172| 5450087| 4792
10499158| 5450663| 4792
10510239| 5457675| 4792
10731093| 5603215| 4792
10731194| 5603280| 4792
10731200| 5603283| 4792
10731426| 5603412| 4792
10731476| 5603442| 4792
10732112| 5603748| 4792
10733027| 5604177| 4792
10734111| 5604721| 4792
10734943| 5605144| 4792
10736352| 5605883| 4792
10736740| 5606085| 4792
10740223| 5608231| 4792
10747474| 5612440| 4792
10747512| 5612461| 4792
10747685| 5612529| 4792
10754397| 5616581| 4792
10755403| 5617104| 4792
10761365| 5620314| 4792
10761547| 5620416| 4792
10761725| 5620524| 4792
10768755| 5624632| 4792
10770308| 5625500| 4792
10770620| 5625655| 4792
10770703| 5625697| 4792
10770750| 5625721| 4792
10771029| 5625864| 4792
10773186| 5627197| 4792
10773615| 5627420| 4792
10787113| 5635133| 4792
10787357| 5635277| 4792
10792024| 5637944| 4792
10793785| 5638749| 4792
10799099| 5641849| 4792
10799999| 5642340| 4792
10800051| 5642374| 4792
10802607| 5643867| 4792
10803263| 5644266| 4792
10803275| 5644271| 4792
10804510| 5644970| 4792
10804665| 5645059| 4792
10810393| 5649375| 4792
10810746| 5649563| 4792
10810965| 5649683| 4792
10812631| 5650461| 4792
10813890| 5651049| 4792
10815272| 5651720| 4792
10815422| 5651797| 4792
10816494| 5652287| 4792
10816701| 5652378| 4792
10817071| 5652554| 4792
10821087| 5654864| 4792
10821486| 5655089| 4792
10824531| 5656681| 4792
10824827| 5656823| 4792
10824932| 5656881| 4792
10825012| 5656917| 4792
10825148| 5656974| 4792
10825181| 5656989| 4792
10825223| 5657014| 4792
10827052| 5657905| 4792
10827535| 5658134| 4792
10829791| 5659572| 4792
10830236| 5659862| 4792
10830453| 5659999| 4792
10830506| 5660030| 4792
10831703| 5660792| 4792
10832632| 5661391| 4792
10832855| 5661538| 4792
10834186| 5662398| 4792
10836359| 5663915| 4792
10836398| 5663942| 4792
10836691| 5664135| 4792
10836997| 5664339| 4792
10837425| 5664627| 4792
10837728| 5664816| 4792
10837951| 5664959| 4792
10839610| 5666026| 4792
10839889| 5666203| 4792
10841043| 5666921| 4792
10849465| 5671848| 4792
10854105| 5674888| 4792
10876959| 5689628| 4792
10877192| 5689776| 4792
10877277| 5689833| 4792
10877749| 5690150| 4792
10878183| 5690439| 4792
10878395| 5690574| 4792
10878431| 5690598| 4792
10878745| 5690798| 4792
10878805| 5690834| 4792
10878850| 5690858| 4792
10879067| 5690991| 4792
10879301| 5691128| 4792
10879414| 5691192| 4792
10879448| 5691213| 4792
10879482| 5691234| 4792
10879520| 5691257| 4792
10879629| 5691325| 4792
10879815| 5691440| 4792
10879824| 5691446| 4792
10880110| 5691622| 4792
10880112| 5691624| 4792
10880656| 5691960| 4792
10880694| 5691984| 4792
10881952| 5692863| 4792
10885581| 5695360| 4792
10885683| 5695417| 4792
10885909| 5695559| 4792
10890952| 5698855| 4792
10892198| 5699369| 4792
10892221| 5699377| 4792
10892225| 5699378| 4792
10892352| 5699429| 4792
10892516| 5699490| 4792
10892890| 5699653| 4792
10895363| 5701213| 4792
10897067| 5702253| 4792
10898975| 5703494| 4792
10903012| 5705965| 4792
10906775| 5708320| 4792
10911598| 5711367| 4792
10913217| 5712327| 4792
10914700| 5713299| 4792
10915613| 5713861| 4792
10915653| 5713886| 4792
10915687| 5713906| 4792
10918137| 5715449| 4792
10918465| 5715647| 4792
10918483| 5715654| 4792
10918916| 5715878| 4792
10918991| 5715909| 4792
10919000| 5715911| 4792
10919280| 5716066| 4792
10925367| 5721201| 4792
10926139| 5721666| 4792
10926783| 5721950| 4792
10939128| 5730013| 4792
10947762| 5735511| 4792
10948214| 5735776| 4792
10948545| 5735962| 4792
10959258| 5742207| 4792
10959706| 5742476| 4792
10960071| 5742698| 4792
10960874| 5743168| 4792
10960892| 5743178| 4792
10960993| 5743243| 4792
10961025| 5743265| 4792
10961746| 5743694| 4792
10961831| 5743745| 4792
10961919| 5743797| 4792
10962024| 5743870| 4792
10962046| 5743883| 4792
10962198| 5743965| 4792
10963709| 5744877| 4792
10963733| 5744894| 4792
10963776| 5744920| 4792
10963779| 5744921| 4792
10964206| 5745183| 4792
10964258| 5745216| 4792
10964597| 5745422| 4792
10964823| 5745543| 4792
10981648| 5754267| 4792
10981683| 5754286| 4792
10981684| 5754287| 4792
10981917| 5754418| 4792
10981964| 5754443| 4792
10982267| 5754621| 4792
10982278| 5754626| 4792
10982337| 5754660| 4792
10982375| 5754681| 4792
10991347| 5759857| 4792
10992846| 5760580| 4792
10994635| 5761398| 4792
11001754| 5765579| 4792
11002519| 5765970| 4792
11003261| 5766329| 4792
11003660| 5766506| 4792
11007752| 5768788| 4792
11007769| 5768796| 4792
11010278| 5770108| 4792
11010634| 5770284| 4792
11010825| 5770379| 4792
11021714| 5777309| 4792
11021777| 5777342| 4792
11022115| 5777536| 4792
11024720| 5778921| 4792
11029764| 5781863| 4792
11030252| 5782160| 4792
11031143| 5782641| 4792
11033637| 5784267| 4792
11034195| 5784615| 4792
11037914| 5786733| 4792
11041410| 5788582| 4792
11043791| 5789976| 4792
11056346| 5797387| 4792
11061123| 5800286| 4792
11061290| 5800372| 4792
11061374| 5800418| 4792
11061536| 5800498| 4792
11062262| 5800883| 4792
11067304| 5803790| 4792
11068007| 5804125| 4792
11077303| 5809278| 4792
11077666| 5809464| 4792
11077823| 5809556| 4792
11077839| 5809566| 4792
11077951| 5809623| 4792
11079836| 5810625| 4792
11079944| 5810686| 4792
11080600| 5811039| 4792
11080669| 5811075| 4792
11080736| 5811114| 4792
11080776| 5811137| 4792
11081114| 5811307| 4792
11089911| 5816454| 4792
11094316| 5818871| 4792
11094368| 5818905| 4792
11094736| 5819082| 4792
11094821| 5819124| 4792
11096478| 5819985| 4792
11097149| 5820305| 4792
11102855| 5824362| 4792
11103706| 5824859| 4792
11104048| 5825058| 4792
11108997| 5827966| 4792
11118158| 5834236| 4792
11119367| 5834907| 4792
11122144| 5836410| 4792
11122295| 5836502| 4792
11122344| 5836528| 4792
11122473| 5836597| 4792
11122499| 5836611| 4792
11122885| 5836820| 4792
11123763| 5837305| 4792
11126400| 5838677| 4792
11126636| 5838796| 4792
11131832| 5841817| 4792
11132230| 5842002| 4792
11136456| 5844555| 4792
11156732| 5856555| 4792
11156949| 5856660| 4792
11157566| 5856973| 4792
11157586| 5856986| 4792
11157882| 5857127| 4792
11157963| 5857172| 4792
11158287| 5857343| 4792
11159227| 5857856| 4792
11159509| 5857990| 4792
11160710| 5858602| 4792
11161008| 5858745| 4792
11163219| 5859950| 4792
11163591| 5860170| 4792
11163948| 5860382| 4792
11164257| 5860558| 4792
11164832| 5860894| 4792
11164850| 5860906| 4792
11164999| 5860992| 4792
11165384| 5861219| 4792
11165448| 5861257| 4792
11165475| 5861274| 4792
11165539| 5861308| 4792
11165654| 5861375| 4792
11166677| 5861936| 4792
11166703| 5861952| 4792
11166705| 5861953| 4792
11168567| 5862976| 4792
11168628| 5863005| 4792
11168641| 5863013| 4792
11169640| 5863455| 4792
11169956| 5863601| 4792
11169966| 5863605| 4792
11188843| 5875805| 4792
11190950| 5877005| 4792
11191782| 5877473| 4792
11192386| 5877816| 4792
11193541| 5878498| 4792
11193850| 5878677| 4792
11196981| 5880451| 4792
11198570| 5881338| 4792
11199359| 5881701| 4792
11199585| 5881813| 4792
11200285| 5882125| 4792
11200317| 5882139| 4792
11201435| 5882694| 4792
11202120| 5883034| 4792
11226838| 5898907| 4792
11230774| 5900428| 4792
11239921| 5905121| 4792
11240139| 5905229| 4792
11240423| 5905361| 4792
11240468| 5905387| 4792
11250687| 5911401| 4792
11254446| 5913647| 4792
11263791| 5919730| 4792
11275435| 5926735| 4792
11275436| 5926736| 4792
11277082| 5927652| 4792
11277293| 5927762| 4792
11277424| 5927830| 4792
11277787| 5928036| 4792
11277886| 5928098| 4792
11278151| 5928239| 4792
11278199| 5928267| 4792
11278331| 5928337| 4792
11278389| 5928372| 4792
11279216| 5928825| 4792
11285235| 5932505| 4792
11285980| 5932898| 4792
11286092| 5932957| 4792
11286247| 5933039| 4792
11286593| 5933227| 4792
11286847| 5933370| 4792
11286950| 5933431| 4792
11287205| 5933579| 4792
11287750| 5933867| 4792
11288195| 5934108| 4792
11288524| 5934279| 4792
11294575| 5938200| 4792
11301024| 5941804| 4792
11301218| 5941919| 4792
11301279| 5941947| 4792
11301464| 5942050| 4792
11302219| 5942450| 4792
11302694| 5942702| 4792
11302765| 5942735| 4792
11302936| 5942823| 4792
11303229| 5942972| 4792
11303284| 5942999| 4792
11303562| 5943143| 4792
11313929| 5949236| 4792
11315721| 5950332| 4792
11315967| 5950475| 4792
11317038| 5951099| 4792
11317140| 5951155| 4792
11317154| 5951164| 4792
11317185| 5951183| 4792
11317368| 5951279| 4792
11317443| 5951318| 4792
11317810| 5951524| 4792
11318042| 5951651| 4792
11318312| 5951800| 4792
11318450| 5951874| 4792
11318453| 5951876| 4792
11318631| 5951975| 4792
11318658| 5951988| 4792
11318679| 5952001| 4792
11318929| 5952139| 4792
11319961| 5952697| 4792
11320050| 5952744| 4792
11320326| 5952893| 4792
11320726| 5953110| 4792
11321875| 5953787| 4792
11323013| 5954410| 4792
11324191| 5954983| 4792
11324206| 5954989| 4792
11337676| 5962594| 4792
11338824| 5963272| 4792
11344397| 5966711| 4792
11345347| 5967231| 4792
11346044| 5967611| 4792
11346280| 5967726| 4792
11346366| 5967777| 4792
11346564| 5967893| 4792
11346944| 5968103| 4792
11347071| 5968171| 4792
11347388| 5968338| 4792
11349588| 5969452| 4792
11349795| 5969550| 4792
11349839| 5969569| 4792
11350031| 5969659| 4792
11351727| 5970459| 4792
11351873| 5970537| 4792
11352251| 5970721| 4792
11352498| 5970837| 4792
11352566| 5970868| 4792
11352569| 5970870| 4792
11352883| 5971027| 4792
11357208| 5973549| 4792
11357740| 5973836| 4792
11358041| 5973987| 4792
11358363| 5974163| 4792
11358504| 5974237| 4792
11360615| 5975340| 4792
11361346| 5975716| 4792
11361358| 5975722| 4792
11361462| 5975778| 4792
11361514| 5975808| 4792
11361562| 5975829| 4792
11361670| 5975885| 4792
11361743| 5975918| 4792
11361936| 5976009| 4792
11362182| 5976131| 4792
11362482| 5976275| 4792
11362506| 5976290| 4792
11362596| 5976337| 4792
11363997| 5977075| 4792
11391405| 5998422| 4792
11395820| 6000906| 4792
11397891| 6002218| 4792
11398049| 6002307| 4792
11403475| 6005586| 4792
11403672| 6005702| 4792
11403673| 6005703| 4792
11539260| 6109633| 4792
11540865| 6110398| 4792
11572313| 6125722| 4792
11574207| 6126738| 4792
11576051| 6127720| 4792
11576183| 6127784| 4792
11576610| 6127990| 4792
11576919| 6128140| 4792
11577376| 6128346| 4792
11577944| 6128723| 4792
11580295| 6129712| 4792
11580460| 6129816| 4792
11770726| 6279558| 4792
11778219| 6284313| 4792
11789551| 6291184| 4792
11794610| 6294042| 4792
11796170| 6294858| 4792
11798567| 6296156| 4792
11991303| 6461613| 4792
11998873| 6466291| 4792
12010146| 6472912| 4792
12015041| 6475553| 4792
12015179| 6475632| 4792
12016114| 1117897| 4792
12016726| 6476391| 4792
12019109| 6477598| 4792
12573950| 6934789| 4792
12577858| 6936440| 4792
12580238| 6937590| 4792
12581942| 6937879| 4792
12582164| 6938008| 4792
12585559| 6939363| 4792
12587904| 6940456| 4792
12587915| 6940460| 4792
12587929| 6940469| 4792
12594489| 6944061| 4792
12595322| 6944526| 4792
12595991| 6944887| 4792
12599097| 6946332| 4792
12600368| 6946865| 4792
12606717| 6948603| 4792
12609663| 6949167| 4792
12612569| 6950314| 4792
12612650| 6950361| 4792
12623204| 6954493| 4792
12624202| 6954898| 4792
12639685| 6960793| 4792
12639687| 6960794| 4792
12641168| 6961498| 4792
12642027| 6961886| 4792
12642029| 6961887| 4792
12642856| 6962430| 4792
12644191| 6963095| 4792
12645344| 6963569| 4792
12645481| 6963621| 4792
12647864| 6964530| 4792
12648397| 6964740| 4792
12652778| 1100050| 4792
12661329| 6968426| 4792
12661528| 6968516| 4792
12662407| 6968931| 4792
12665191| 6970227| 4792
12666449| 6970937| 4792
12670508| 6971679| 4792
12670696| 6971753| 4792
12670718| 6971764| 4792
12670766| 6971788| 4792
12671162| 6971947| 4792
12671218| 6971977| 4792
12671295| 6972009| 4792
12671968| 6972283| 4792
12672564| 6972536| 4792
13378284| 7794364| 4792
13383743| 7796889| 4792
13383763| 7796901| 4792
13392357| 7800794| 4792
13393192| 7801223| 4792
13393382| 7801331| 4792
13398032| 7803383| 4792
13398036| 7803385| 4792
13404783| 7806502| 4792
13404804| 7806511| 4792
13404808| 7806515| 4792
13417718| 7813006| 4792
13432289| 7820713| 4792
13441899| 7825941| 4792
13441909| 7825945| 4792
13444548| 7827718| 4792
13455447| 7834685| 4792
13456966| 7835964| 4792
13461892| 7838726| 4792
13481278| 7850866| 4792
13522211| 7868619| 4792
13587235| 7898354| 4792
13587885| 7898772| 4792
13587956| 7898809| 4792
13590030| 7900193| 4792
13591285| 7900968| 4792
13594821| 7902549| 4792
13598897| 7904073| 4792
13604093| 7905771| 4792
13604490| 7905899| 4792
1133392| 559405| 4792
10854923| 5675402| 4792
8958197| 1329879| 4792
1255270| 609841| 4792
1337409| 643061| 4792
1693288| 789499| 4792
2704437| 1186611| 4792
3307921| 1414386| 4792
3441364| 1478805| 4792
3923227| 1650950| 4792
4013277| 1682161| 4792
11634749| 6158231| 4792
865999| 448844| 4792
12243798| 6667423| 4792
13275238| 7740398| 4792
13303004| 7757656| 4792
8976524| 1409369| 4792
363540| 225246| 4792
399682| 240724| 4792
444346| 260293| 4792
525123| 298763| 4792
755211| 399089| 4792
849892| 441751| 4792
5355340| 2486891| 4792
5355390| 2486922| 4792
5448223| 2534205| 4792
5580198| 2604659| 4792
5682053| 2655825| 4792
5697340| 2664126| 4792
5786796| 2715654| 4792
5786800| 2715655| 4792
5908538| 2787109| 4792
5949800| 2807884| 4792
6974601| 3553808| 4792
9733901| 4914496| 4792
10489065| 5444534| 4792
10495343| 5448301| 4792
10517654| 5462954| 4792
10829881| 5659631| 4792
10829972| 5659686| 4792
10836462| 5663984| 4792
10852794| 5674048| 4792
10876276| 5689152| 4792
10958917| 5741995| 4792
11046235| 5791532| 4792
11060494| 5799940| 4792
11102433| 5824109| 4792
11125104| 5838038| 4792
11158485| 5857451| 4792
11175026| 5866482| 4792
11275705| 5926883| 4792
11314035| 5949307| 4792
11314236| 5949424| 4792
11327138| 5956763| 4792
11356140| 5972979| 4792
11356354| 5973093| 4792
11356439| 5973140| 4792
11572723| 6125931| 4792
11614976| 6146968| 4792
11945076| 6427251| 4792
11993806| 6463055| 4792
11315456| 5950169| 4792
13362976| 7786524| 4792
4275292| 1775111| 4792
1743773| 809789| 4792
11394320| 6000085| 4792
3946051| 1659152| 4792
8564643| 4356478| 4792
3437733| 1477574| 4792
10499230| 5450707| 4792
8575653| 4359703| 4792
8540824| 4351224| 4792
8324278| 4317310| 4792
13287320| 7746439| 4792
11598982| 6137203| 4792
8088744| 4251403| 4792
8348325| 4320242| 4792
13363662| 7786836| 4792
13265531| 7735887| 4792
11592646| 6134628| 4792
11399489| 6003005| 4792
8336308| 4318896| 4792
8520508| 4346393| 4792
1440123| 685759| 4792
8570208| 4358130| 4792
11600306| 6137815| 4792
8566440| 4356941| 4792
11586425| 6132240| 4792
11717276| 6208087| 4792
8575129| 4359564| 4792
4318563| 1789540| 4792
4274713| 1774887| 4792
8329410| 4318046| 4792
8335387| 4318764| 4792
8571343| 4358496| 4792
8431113| 4334747| 4792
13266687| 7736336| 4792
13266712| 7736347| 4792
11594014| 6135104| 4792
11595805| 6135809| 4792
11546041| 6112637| 4792
8564291| 4356367| 4792
8564120| 4356325| 4792
8574728| 1281228| 4792
10732830| 5604090| 4792
10742478| 5609701| 4792
10742525| 5609721| 4792
11004200| 5766757| 4792
10793192| 5638485| 4792
10793213| 5638494| 4792
8563759| 4356222| 4792
3123151| 1344025| 4792
1304356| 629496| 4792
