2| 1| 2
9277| 5079| 2
38882| 22706| 2
41216| 24945| 2
48349| 30561| 2
57573| 35556| 2
63639| 40394| 2
72637| 48437| 2
88106| 57183| 2
98697| 62218| 2
99312| 62509| 2
102589| 64040| 2
145501| 117654| 2
146512| 118094| 2
195073| 141012| 2
218330| 154100| 2
230813| 164165| 2
233754| 165699| 2
237866| 167964| 2
237917| 167991| 2
244502| 170800| 2
256766| 176196| 2
278321| 186695| 2
281403| 188209| 2
282248| 188538| 2
286551| 190565| 2
308156| 200595| 2
317965| 205092| 2
347042| 217951| 2
363988| 225427| 2
377869| 231421| 2
380306| 232465| 2
386002| 234906| 2
394153| 238407| 2
394821| 238667| 2
399679| 240724| 2
402487| 241832| 2
422818| 250768| 2
451448| 263250| 2
463937| 269433| 2
470170| 272704| 2
474044| 274647| 2
487716| 281158| 2
491594| 282987| 2
537256| 303593| 2
540490| 305102| 2
553702| 312264| 2
558903| 314500| 2
579863| 323333| 2
586475| 326256| 2
591298| 328335| 2
598891| 331663| 2
601572| 332688| 2
604534| 333848| 2
606734| 334793| 2
611740| 336993| 2
617499| 339347| 2
633489| 346001| 2
651548| 353742| 2
652672| 354119| 2
663105| 358608| 2
663107| 358609| 2
663108| 358610| 2
663199| 358646| 2
663328| 358701| 2
663338| 358705| 2
682276| 367081| 2
683905| 367751| 2
686916| 369161| 2
698140| 374293| 2
700915| 375438| 2
738151| 391606| 2
738153| 391607| 2
738154| 391608| 2
745555| 394933| 2
749914| 396783| 2
755209| 399089| 2
758179| 400454| 2
773642| 407142| 2
794504| 416135| 2
837612| 435584| 2
840063| 436525| 2
897974| 462560| 2
922448| 472994| 2
933161| 477367| 2
940904| 480643| 2
958923| 488355| 2
1007645| 508330| 2
1010836| 509569| 2
1026756| 516322| 2
1034373| 519196| 2
1047379| 524698| 2
1049225| 525430| 2
1069608| 534126| 2
1072526| 535416| 2
1081948| 539130| 2
1084166| 539939| 2
1085840| 540618| 2
1090940| 542501| 2
1102888| 547213| 2
1106641| 548625| 2
1122678| 555231| 2
1133502| 559433| 2
1163463| 571765| 2
1172701| 575368| 2
1187371| 581276| 2
1204796| 588510| 2
1213967| 592280| 2
1219671| 594464| 2
1236282| 601850| 2
1238393| 602796| 2
1262064| 612432| 2
1296890| 626467| 2
1297604| 626792| 2
1302021| 628647| 2
1305615| 629980| 2
1311608| 632630| 2
1315279| 634062| 2
1320758| 636321| 2
1324306| 637792| 2
1332874| 641175| 2
1338200| 643385| 2
1350666| 648529| 2
1350669| 648530| 2
1350687| 648536| 2
1350734| 648555| 2
1350774| 648573| 2
1350862| 648611| 2
1357754| 651224| 2
1359909| 652297| 2
1383736| 662299| 2
1383967| 662361| 2
1423917| 679154| 2
1424801| 679617| 2
1432068| 682784| 2
1437152| 684672| 2
1448499| 688984| 2
1508072| 713822| 2
1510026| 714568| 2
1511806| 715243| 2
1527860| 721804| 2
1533063| 723863| 2
1549789| 730214| 2
1569322| 738373| 2
1581497| 743204| 2
1583506| 743943| 2
1600421| 750825| 2
1609042| 754228| 2
1617863| 758231| 2
1635829| 765755| 2
1638756| 766920| 2
1647605| 770770| 2
1648200| 770974| 2
1651074| 772228| 2
1667658| 778958| 2
1683742| 785837| 2
1685020| 786361| 2
1686643| 787020| 2
1707309| 794945| 2
1717597| 799298| 2
1724144| 801863| 2
1740704| 808679| 2
1760249| 816269| 2
1788801| 828481| 2
1807233| 837307| 2
1837157| 849492| 2
1837159| 849493| 2
1843070| 851941| 2
1856487| 857452| 2
1858905| 858456| 2
1910338| 879665| 2
1914157| 881058| 2
1916523| 882018| 2
1929021| 888140| 2
1940106| 892646| 2
1951625| 897387| 2
1953773| 898373| 2
1982473| 909076| 2
1991976| 912702| 2
1993030| 913106| 2
1997390| 914884| 2
2010823| 920348| 2
2011898| 920786| 2
2011969| 920824| 2
2014942| 921849| 2
2027953| 926809| 2
2027858| 926780| 2
2036929| 930334| 2
2047148| 934486| 2
2055250| 937579| 2
2074458| 945358| 2
2094249| 952814| 2
2100410| 955217| 2
2103591| 956478| 2
2110930| 959236| 2
2149035| 974033| 2
2150187| 974542| 2
2188792| 987045| 2
2260027| 1014906| 2
2268322| 1017679| 2
2278640| 1021639| 2
2284153| 1023982| 2
2286585| 1024948| 2
2304422| 1031704| 2
2307917| 1033109| 2
2311455| 1034253| 2
2319876| 1037445| 2
2321612| 1038108| 2
2327471| 1040283| 2
2328329| 1040599| 2
2329033| 1040865| 2
2330673| 1041425| 2
2331142| 1041599| 2
2407850| 1070793| 2
2416079| 1073945| 2
2420568| 1075817| 2
2431349| 1080509| 2
2494189| 1104511| 2
2496649| 1105388| 2
2517419| 1113232| 2
2517526| 1113279| 2
2519635| 1114150| 2
2533189| 1119265| 2
2545094| 1124643| 2
2550046| 1126684| 2
2550934| 1127007| 2
2554367| 1128873| 2
2563456| 1132307| 2
2584542| 1140447| 2
2599767| 1146323| 2
2614927| 1152134| 2
2616824| 1152851| 2
2627489| 1157105| 2
2633426| 1159065| 2
2639835| 1161460| 2
2647061| 1164260| 2
2676109| 1175354| 2
2676317| 1175452| 2
2676383| 1175484| 2
2676405| 1175496| 2
2678154| 1176181| 2
2716699| 1191293| 2
2717658| 1191609| 2
2738232| 1199312| 2
2738604| 1199453| 2
2749573| 1203396| 2
2751727| 1204288| 2
2760579| 1207595| 2
2766963| 1209999| 2
2775253| 1213160| 2
2779341| 1214659| 2
2786509| 1217337| 2
2786463| 1217323| 2
2792133| 1219409| 2
2809801| 1226537| 2
2820756| 1230610| 2
2823761| 1231638| 2
2829695| 1233976| 2
2838737| 1237636| 2
2854927| 1243943| 2
2865334| 1247690| 2
2872710| 1250313| 2
2876312| 1251792| 2
2883943| 1254656| 2
2893920| 1258195| 2
2933600| 1273914| 2
2951601| 1280617| 2
2960391| 1284193| 2
3008869| 1302462| 2
3023128| 1307919| 2
3037585| 1313341| 2
3042214| 1315135| 2
3052039| 1318680| 2
3076973| 1327264| 2
3096061| 1334067| 2
3115416| 1341220| 2
3143087| 1352012| 2
3148995| 1354303| 2
3179281| 1364901| 2
3199283| 1372097| 2
3224773| 1381934| 2
3240338| 1387769| 2
3243584| 1388958| 2
3250524| 1391712| 2
3250485| 1391701| 2
3270202| 1399335| 2
3271836| 1400011| 2
3275042| 1401369| 2
3277087| 1402373| 2
3285445| 1406145| 2
3288874| 1407306| 2
3305118| 1413189| 2
3327015| 1421812| 2
3333074| 1423682| 2
3337407| 1425297| 2
3342192| 1427371| 2
3347984| 1429646| 2
3368133| 1441415| 2
3424823| 1472477| 2
3445724| 1480312| 2
3455991| 1483739| 2
3500309| 1500007| 2
3504976| 1501740| 2
3514829| 1504299| 2
3542233| 1513386| 2
3555560| 1518047| 2
3574611| 1524815| 2
3579805| 1526611| 2
3579921| 1526660| 2
3587043| 1529436| 2
3591836| 1530989| 2
3620732| 1541531| 2
3620840| 1541566| 2
3632984| 1545815| 2
3639954| 1548331| 2
3656818| 1554659| 2
3661897| 1556607| 2
3678021| 1562064| 2
3686495| 1565562| 2
3700928| 1571141| 2
3728741| 1581111| 2
3737918| 1584436| 2
3750356| 1589692| 2
3753291| 1590771| 2
3753616| 1590949| 2
3756138| 1591914| 2
3773036| 1597544| 2
3781303| 1600531| 2
3799564| 1607114| 2
3808589| 1610489| 2
3818705| 1614017| 2
3820717| 1614815| 2
3839416| 1621045| 2
3841420| 1621749| 2
3860887| 1628353| 2
3875553| 1633570| 2
3883734| 1636365| 2
3907708| 1645007| 2
3912674| 1646956| 2
3933726| 1654701| 2
3936006| 1655459| 2
3941366| 1657435| 2
3941619| 1657544| 2
3951311| 1660911| 2
3956460| 1662786| 2
3962478| 1665203| 2
3972412| 1668209| 2
3981772| 1671271| 2
4015673| 1682993| 2
4022813| 1685985| 2
4066391| 1701755| 2
4096103| 1712189| 2
4098812| 1713143| 2
4099775| 1713460| 2
4106951| 1715847| 2
4123602| 1721672| 2
4130235| 1723997| 2
4145834| 1729365| 2
4161618| 1734433| 2
4163646| 1735119| 2
4251612| 1766467| 2
4254105| 1767351| 2
4258068| 1768913| 2
4312716| 1787475| 2
4314152| 1788052| 2
4316578| 1788855| 2
4327170| 1792798| 2
4341574| 1797762| 2
4343099| 1798257| 2
4345098| 1798916| 2
4356062| 1802491| 2
4372862| 1808242| 2
4374577| 1808731| 2
4557291| 1910936| 2
4558305| 1911794| 2
4558595| 1911999| 2
4558784| 1912127| 2
4563828| 1915929| 2
4564350| 1916243| 2
4565364| 1916785| 2
4647761| 1946578| 2
4652347| 1950136| 2
4653637| 1951148| 2
4656514| 1953512| 2
4722602| 2005550| 2
4745123| 2023423| 2
4745766| 2023922| 2
4745798| 2023944| 2
4746161| 2024204| 2
4746246| 2024264| 2
4753243| 2029490| 2
4753947| 2030116| 2
4773518| 2046566| 2
4783970| 2054812| 2
4790614| 2060078| 2
4824210| 2086042| 2
4825686| 2087169| 2
4826070| 2087513| 2
4843457| 2104176| 2
4847888| 2108364| 2
4847915| 2108380| 2
4848422| 2108753| 2
4848434| 2108761| 2
4848649| 2108931| 2
4848650| 2108932| 2
4848658| 2108938| 2
4852010| 2111642| 2
4852432| 2111945| 2
4856220| 2114688| 2
4857422| 2115813| 2
4892557| 2150014| 2
4908127| 2173437| 2
4913445| 2178420| 2
4943309| 2212839| 2
4978330| 2248820| 2
5002135| 2272224| 2
5011574| 2281640| 2
5077071| 2337808| 2
5090296| 2347620| 2
5134983| 2376603| 2
5135055| 2376651| 2
5135070| 2376660| 2
5135127| 2376698| 2
5135130| 2376700| 2
5135136| 2376704| 2
5135161| 2376721| 2
5135198| 2376744| 2
5135280| 2376795| 2
5135281| 2376796| 2
5135518| 2376935| 2
5135623| 2376998| 2
5135676| 2377036| 2
5135807| 2377107| 2
5136743| 2377689| 2
5175017| 2395196| 2
5175504| 2395471| 2
5175672| 2395565| 2
5179762| 2398052| 2
5188430| 2402260| 2
5211998| 2413944| 2
5216203| 2415664| 2
5217507| 2416366| 2
5227422| 2420918| 2
5227951| 2421253| 2
5233617| 2424373| 2
5233939| 2424577| 2
5235929| 2425791| 2
5235941| 2425800| 2
5236250| 2426004| 2
5237567| 2426806| 2
5240645| 2428550| 2
5247762| 2432266| 2
5254038| 2435700| 2
5254772| 2436120| 2
5255504| 2436497| 2
5259548| 2438586| 2
5310755| 2462613| 2
5323556| 2470168| 2
5340300| 2478953| 2
5378322| 2499529| 2
5391062| 2506514| 2
5405836| 2513370| 2
5445939| 2532847| 2
5447618| 2533847| 2
5447722| 2533904| 2
5447942| 2534036| 2
5448551| 2534392| 2
5448687| 2534472| 2
5469840| 2546182| 2
5470545| 2546638| 2
5483820| 2552785| 2
5485582| 2553870| 2
5490128| 2556354| 2
5560053| 2592516| 2
5560426| 2592745| 2
5561953| 2593612| 2
5563112| 2594259| 2
5563144| 2594277| 2
5563162| 2594287| 2
5569320| 2597943| 2
5569471| 2598041| 2
5569508| 2598063| 2
5569628| 2598143| 2
5569670| 2598173| 2
5569697| 2598186| 2
5570022| 2598399| 2
5570283| 2598587| 2
5591489| 2610575| 2
5591604| 2610642| 2
5591785| 2610743| 2
5592082| 2610914| 2
5592301| 2611032| 2
5592760| 2611267| 2
5592762| 2611268| 2
5610953| 2617902| 2
5631491| 2629216| 2
5650218| 2639287| 2
5684103| 2656937| 2
5684107| 2656939| 2
5684713| 2657285| 2
5684720| 2657286| 2
5699615| 2665434| 2
5709966| 2671746| 2
5710033| 2671778| 2
5714368| 2674123| 2
5714450| 2674159| 2
5726452| 2680421| 2
5726490| 2680443| 2
5726520| 2680457| 2
5726803| 2680611| 2
5728090| 2681233| 2
5728203| 2681281| 2
5751958| 2693622| 2
5757270| 2696703| 2
5757924| 2697038| 2
5758426| 2697296| 2
5758506| 2697341| 2
5786520| 2715502| 2
5801198| 2723753| 2
5801201| 2723754| 2
5822985| 2734472| 2
5832524| 2740754| 2
5855627| 2755488| 2
5870598| 2763868| 2
5871816| 2764482| 2
5883091| 2771091| 2
5904132| 2784746| 2
5904521| 2784941| 2
5907661| 2786622| 2
5909990| 2787924| 2
5911274| 2788666| 2
5911936| 2789042| 2
5912815| 2789539| 2
5913451| 2789915| 2
5915493| 2791066| 2
5915821| 2791244| 2
5918393| 2792679| 2
5940043| 2803712| 2
5964518| 2815335| 2
5971142| 2819252| 2
5994573| 2832935| 2
5999470| 2835569| 2
6005255| 2839806| 2
6010877| 2843809| 2
6023543| 2852687| 2
6023991| 2853023| 2
6026347| 2854681| 2
6028075| 2855966| 2
6035290| 2861118| 2
6037545| 2862721| 2
6041213| 2865226| 2
6049194| 2871955| 2
6052154| 2876086| 2
6053698| 2877379| 2
6055311| 2878475| 2
6061731| 2882964| 2
6067501| 2887103| 2
6067726| 2887236| 2
6067840| 2887310| 2
6068590| 2887867| 2
6068653| 2887911| 2
6068826| 2888026| 2
6069760| 2888663| 2
6082679| 2897995| 2
6083093| 2898304| 2
6136689| 2935375| 2
6146394| 2943190| 2
6249538| 3038422| 2
6249753| 3038592| 2
6250195| 3038937| 2
6250204| 3038944| 2
6292112| 3075083| 2
6308428| 3094875| 2
6309425| 3097460| 2
6324622| 3120683| 2
6326970| 3123075| 2
6336588| 3135694| 2
6351375| 3155163| 2
6393254| 3207824| 2
6413991| 3226810| 2
6414324| 3227044| 2
6414629| 3227254| 2
6416092| 3228626| 2
6421915| 3233536| 2
6424025| 3235513| 2
6424561| 3235888| 2
6425052| 3236269| 2
6425508| 3236599| 2
6427422| 3238117| 2
6428109| 3238646| 2
6433416| 3243664| 2
6433522| 3243726| 2
6433775| 3243968| 2
6433995| 3244125| 2
6442968| 3253100| 2
6443427| 3253544| 2
6457623| 3268196| 2
6476823| 3283257| 2
6488844| 3294623| 2
6514316| 3311060| 2
6526066| 3318071| 2
6526182| 3318141| 2
6555150| 3334111| 2
6567379| 3338948| 2
6569277| 3340223| 2
6569640| 3340447| 2
6569775| 3340528| 2
6570740| 3341132| 2
6572146| 3342022| 2
6573116| 3342613| 2
6579149| 3345499| 2
6580722| 3346573| 2
6580814| 3346644| 2
6584177| 3348842| 2
6584960| 3349328| 2
6588684| 3351638| 2
6589924| 3352425| 2
6618098| 3367536| 2
6628835| 3374302| 2
6629452| 3374634| 2
6632284| 3376176| 2
6704942| 3415729| 2
6705121| 3415839| 2
6731376| 3429080| 2
6736042| 3431638| 2
6739608| 3433579| 2
6740806| 3434191| 2
6771110| 3448547| 2
6774005| 3450387| 2
6780621| 3453688| 2
6809238| 3467112| 2
6832379| 3478824| 2
6850947| 3487964| 2
6853144| 3489549| 2
6855412| 3490820| 2
6867976| 3498257| 2
6895283| 3513864| 2
6895602| 3514046| 2
6896734| 3514691| 2
6898121| 3515497| 2
6952216| 3541963| 2
6969670| 3551270| 2
6969767| 3551322| 2
6970805| 3551855| 2
6971580| 3552260| 2
6973162| 3552992| 2
6997963| 3564202| 2
6999480| 3565037| 2
7009198| 3570525| 2
7010363| 3571099| 2
7011056| 3571485| 2
7011791| 3571853| 2
7011796| 3571856| 2
7011809| 3571861| 2
7011844| 3571881| 2
7012146| 3572029| 2
7028341| 3579281| 2
7034475| 3582430| 2
7044145| 3587343| 2
7044382| 3587465| 2
7074549| 3603294| 2
7074578| 3603309| 2
7074605| 3603323| 2
7074968| 3603519| 2
7074970| 3603520| 2
7074981| 3603524| 2
7075104| 3603588| 2
7075504| 3603783| 2
7075584| 3603828| 2
7075607| 3603839| 2
7076929| 3604519| 2
7077472| 3604781| 2
7078537| 3605254| 2
7078606| 3605282| 2
7079095| 3605491| 2
7089306| 3610661| 2
7093405| 3613049| 2
7093487| 3613088| 2
7093656| 3613178| 2
7095839| 3614274| 2
7112494| 3623547| 2
7112834| 3623767| 2
7112836| 3623769| 2
7112840| 3623770| 2
7113295| 3624033| 2
7113327| 3624050| 2
7113505| 3624146| 2
7114243| 3624534| 2
7114320| 3624574| 2
7114336| 3624583| 2
7114457| 3624646| 2
7115645| 3625286| 2
7116724| 3625881| 2
7116740| 3625891| 2
7117787| 3626521| 2
7120820| 3628148| 2
7124385| 3630441| 2
7124566| 3630551| 2
7124580| 3630560| 2
7124594| 3630568| 2
7124611| 3630580| 2
7124831| 3630712| 2
7126248| 3631542| 2
7126338| 3631595| 2
7131229| 3634010| 2
7132426| 3634516| 2
7163033| 3650623| 2
7164703| 3651632| 2
7164954| 3651793| 2
7165571| 3652139| 2
7165574| 3652140| 2
7165772| 3652252| 2
7165787| 3652261| 2
7186570| 3662448| 2
7187058| 3662786| 2
7187060| 3662787| 2
7187428| 3663004| 2
7187989| 3663333| 2
7188310| 3663521| 2
7188688| 3663759| 2
7188788| 3663809| 2
7189362| 3664169| 2
7190048| 3664579| 2
7190151| 3664642| 2
7198415| 3668843| 2
7198868| 3669103| 2
7199647| 3669523| 2
7214027| 3676355| 2
7214355| 3676520| 2
7214431| 3676558| 2
7214462| 3676573| 2
7214906| 3676796| 2
7215254| 3676960| 2
7223862| 3681726| 2
7273941| 3713206| 2
7278217| 3715775| 2
7293005| 3724091| 2
7320166| 3738175| 2
7370392| 3764958| 2
7370570| 3765056| 2
7391334| 3776051| 2
7396249| 3779398| 2
7398030| 3780289| 2
7407897| 3787175| 2
7416247| 3793015| 2
7416280| 3793038| 2
7416701| 3793322| 2
7417153| 3793607| 2
7417262| 3793678| 2
7418590| 3794531| 2
7426455| 3799648| 2
7428499| 3800913| 2
7436788| 3807511| 2
7437131| 3807727| 2
7439176| 3809143| 2
7447895| 3815019| 2
7448304| 3815311| 2
7448658| 3815540| 2
7448692| 3815561| 2
7458366| 3822105| 2
7463036| 3825220| 2
7476504| 3833275| 2
7520274| 3850385| 2
7520462| 3850493| 2
7520754| 3850676| 2
7520765| 3850681| 2
7549042| 3854386| 2
7549279| 3854540| 2
7549369| 3854597| 2
7550092| 3855056| 2
7590280| 3885353| 2
7624214| 3912805| 2
7631054| 3918225| 2
7632504| 3919524| 2
7632547| 3919556| 2
7640388| 3926455| 2
7641451| 3927658| 2
7641482| 3927693| 2
7652051| 3940681| 2
7705341| 3982198| 2
7705480| 3982272| 2
7706691| 3982957| 2
7707371| 3983351| 2
7708596| 3984048| 2
7709899| 3984759| 2
7786122| 4022760| 2
7789188| 4024308| 2
7789263| 4024348| 2
7790883| 4025250| 2
7813892| 4035141| 2
7813919| 4035158| 2
7836290| 4045986| 2
7863205| 4063587| 2
7890995| 4077887| 2
7891058| 4077932| 2
7895280| 4081028| 2
7896015| 4081636| 2
7896024| 4081641| 2
7896039| 4081651| 2
7896090| 4081683| 2
7907540| 4089180| 2
8077602| 4247766| 2
8166353| 4272635| 2
8253244| 4299107| 2
8324692| 4317349| 2
8326423| 4317618| 2
8340505| 4319425| 2
8368696| 4327720| 2
8384045| 4331326| 2
8413061| 1455543| 2
8441908| 4336298| 2
8513770| 4345014| 2
8538786| 4350703| 2
8563659| 4356190| 2
8636891| 4381291| 2
8637777| 4381452| 2
8727030| 4392167| 2
8748427| 123757| 2
8784222| 4410751| 2
8850488| 4435679| 2
8855907| 4437985| 2
8866344| 461749| 2
9022586| 125540| 2
9100304| 4490159| 2
9103479| 4492174| 2
9124405| 4505168| 2
9124408| 4505169| 2
9124414| 4505174| 2
9132747| 4509751| 2
9154348| 4522994| 2
9159589| 4526474| 2
9161613| 4527911| 2
9169963| 4533526| 2
9197293| 4549264| 2
9200928| 4551355| 2
9205069| 4553769| 2
9205728| 4554220| 2
9252203| 4581548| 2
9252217| 4581555| 2
9252220| 4581556| 2
9257158| 4584637| 2
9496689| 4777051| 2
9497280| 4777480| 2
9499854| 4779191| 2
9505481| 4782661| 2
9593662| 4825753| 2
9594431| 4826428| 2
9594830| 4826772| 2
9596144| 4827476| 2
9649365| 4866998| 2
9734493| 4914855| 2
9734921| 4915093| 2
9735161| 4915220| 2
9752044| 1299184| 2
9854142| 5015386| 2
9862394| 5018445| 2
9882440| 5026906| 2
9887174| 1354796| 2
9896075| 5033576| 2
9897203| 5033985| 2
9946027| 5074968| 2
9947416| 5075663| 2
10084929| 5154937| 2
10085028| 5154990| 2
10085080| 5155020| 2
10085125| 5155040| 2
10474164| 5433831| 2
10474978| 5434438| 2
10476904| 5435816| 2
10477225| 5436043| 2
10477903| 5436523| 2
10477930| 5436540| 2
10478366| 5436843| 2
10478684| 5437067| 2
10479202| 5437418| 2
10479435| 5437576| 2
10479711| 5437767| 2
10481635| 5439083| 2
10482230| 5439491| 2
10482602| 5439751| 2
10483106| 5440101| 2
10483426| 5440330| 2
10483718| 5440540| 2
10484672| 5441206| 2
10485149| 5441546| 2
10485253| 5441620| 2
10487842| 5443733| 2
10491926| 5446286| 2
10491987| 5446327| 2
10495694| 5448531| 2
10498658| 5450382| 2
10502475| 5452778| 2
10504081| 5453716| 2
10504493| 5453979| 2
10505115| 5454378| 2
10507982| 5456227| 2
10508612| 5456612| 2
10510203| 5457648| 2
10511575| 5458532| 2
10511659| 5458584| 2
10731186| 5603275| 2
10731308| 5603339| 2
10732379| 5603878| 2
10732690| 5604023| 2
10733090| 5604211| 2
10733452| 5604386| 2
10733482| 5604403| 2
10734245| 5604787| 2
10734781| 5605063| 2
10735983| 5605690| 2
10736086| 5605739| 2
10740169| 5608203| 2
10742908| 5609907| 2
10743125| 5610000| 2
10743232| 5610044| 2
10744583| 5610758| 2
10746552| 5611901| 2
10747062| 5612207| 2
10747389| 5612393| 2
10748059| 5612701| 2
10765098| 5622466| 2
10769678| 5625155| 2
10770791| 5625740| 2
10773003| 5627108| 2
10773237| 5627220| 2
10774895| 5628062| 2
10786097| 5634544| 2
10786210| 5634614| 2
10786643| 5634855| 2
10786923| 5635021| 2
10787116| 5635134| 2
10787232| 5635206| 2
10787438| 5635333| 2
10787928| 5635628| 2
10791920| 5637900| 2
10793262| 5638517| 2
10793701| 5638711| 2
10793790| 5638752| 2
10793973| 5638833| 2
10794127| 5638892| 2
10798431| 5641465| 2
10798701| 5641624| 2
10799483| 5642058| 2
10800444| 5642602| 2
10800474| 5642619| 2
10800624| 5642705| 2
10800693| 5642738| 2
10800773| 5642782| 2
10801721| 5643335| 2
10801810| 5643387| 2
10802945| 5644060| 2
10803610| 5644477| 2
10803780| 5644570| 2
10804954| 5645226| 2
10805004| 5645250| 2
10805501| 5645534| 2
10805782| 5645696| 2
10806498| 5646117| 2
10806682| 5646229| 2
10817365| 5652688| 2
10821940| 5655332| 2
10822009| 5655369| 2
10822047| 5655384| 2
10823270| 5656009| 2
10824133| 5656491| 2
10824176| 5656514| 2
10824346| 5656589| 2
10824736| 5656781| 2
10825322| 5657055| 2
10825396| 5657089| 2
10825531| 5657150| 2
10825533| 5657151| 2
10825536| 5657153| 2
10825905| 5657358| 2
10829771| 5659556| 2
10830400| 5659968| 2
10830440| 5659992| 2
10830577| 5660078| 2
10830613| 5660103| 2
10830980| 5660328| 2
10830996| 5660337| 2
10831051| 5660367| 2
10831369| 5660580| 2
10831444| 5660629| 2
10831545| 5660694| 2
10832377| 5661213| 2
10832381| 5661216| 2
10832737| 5661457| 2
10832886| 5661556| 2
10833103| 5661694| 2
10833217| 5661770| 2
10833295| 5661821| 2
10833946| 5662241| 2
10834062| 5662317| 2
10834170| 5662387| 2
10834500| 5662587| 2
10836641| 5664104| 2
10836946| 5664302| 2
10837308| 5664551| 2
10837429| 5664629| 2
10837582| 5664732| 2
10838288| 5665172| 2
10839355| 5665865| 2
10839377| 5665878| 2
10839989| 5666266| 2
10850289| 5672318| 2
10864118| 5681532| 2
10864276| 5681625| 2
10864601| 5681805| 2
10865092| 5682099| 2
10865135| 5682126| 2
10865202| 5682162| 2
10865240| 5682185| 2
10865384| 5682271| 2
10866633| 5682999| 2
10866684| 5683032| 2
10867175| 5683317| 2
10867328| 5683404| 2
10867569| 5683554| 2
10868072| 5683864| 2
10868352| 5684026| 2
10869560| 5684760| 2
10869923| 5684980| 2
10870680| 5685444| 2
10871541| 5685958| 2
10872279| 5686418| 2
10872389| 5686483| 2
10876706| 5689458| 2
10877031| 5689674| 2
10877051| 5689687| 2
10877391| 5689917| 2
10877846| 5690216| 2
10878478| 5690625| 2
10878605| 5690706| 2
10878500| 5690638| 2
10878998| 5690950| 2
10879060| 5690987| 2
10879188| 5691065| 2
10879235| 5691094| 2
10879350| 5691158| 2
10879830| 5691449| 2
10879877| 5691476| 2
10880115| 5691624| 2
10880739| 5692011| 2
10881096| 5692224| 2
10885684| 5695417| 2
10892003| 5699292| 2
10892091| 5699327| 2
10892356| 5699431| 2
10892684| 5699581| 2
10892695| 5699586| 2
10892769| 5699614| 2
10893017| 5699705| 2
10895361| 5701213| 2
10896556| 5701948| 2
10899487| 5703784| 2
10901603| 5705078| 2
10902855| 5705882| 2
10904418| 5706890| 2
10904424| 5706892| 2
10909104| 5709727| 2
10912007| 5711599| 2
10915073| 5713540| 2
10915392| 5713740| 2
10915482| 5713788| 2
10915558| 5713832| 2
10915951| 5714043| 2
10919710| 5716294| 2
10925280| 5721151| 2
10925504| 5721275| 2
10926520| 5721850| 2
10926550| 5721864| 2
10926953| 5722030| 2
10927044| 5722069| 2
10935073| 5727398| 2
10944432| 5733421| 2
10947796| 5735532| 2
10950890| 5737233| 2
10950999| 5737289| 2
10951851| 5737728| 2
10962190| 5743961| 2
10962359| 5744064| 2
10963950| 5745025| 2
10964473| 5745347| 2
10964761| 5745510| 2
10971183| 5749238| 2
10971451| 5749365| 2
10972116| 5749682| 2
10972182| 5749710| 2
10972520| 5749873| 2
10972707| 5749965| 2
10973392| 5750302| 2
10973405| 5750309| 2
10973498| 5750347| 2
10973584| 5750389| 2
10973588| 5750392| 2
10974084| 5750609| 2
10974676| 5750871| 2
10975493| 5751281| 2
10978832| 5752857| 2
10978975| 5752913| 2
10979089| 5752959| 2
10979371| 5753094| 2
10979627| 5753214| 2
10979718| 5753260| 2
10981822| 5754363| 2
10981901| 5754407| 2
10982262| 5754620| 2
10982284| 5754629| 2
10982398| 5754692| 2
10982405| 5754696| 2
10983388| 5755389| 2
10983415| 5755401| 2
10988014| 5758084| 2
10991460| 5759904| 2
10992708| 5760513| 2
10994238| 5761226| 2
10994445| 5761312| 2
10994806| 5761475| 2
10997969| 5763283| 2
11002776| 5766104| 2
11006579| 5768158| 2
11010410| 5770172| 2
11013417| 5772165| 2
11021778| 5777342| 2
11025497| 5779288| 2
11025930| 5779542| 2
11025956| 5779559| 2
11026030| 5779599| 2
11026133| 5779660| 2
11026238| 5779720| 2
11026457| 5779844| 2
11026585| 5779916| 2
11029267| 5781561| 2
11029576| 5781747| 2
11030698| 5782408| 2
11030973| 5782551| 2
11031144| 5782641| 2
11033205| 5783988| 2
11033208| 5783990| 2
11033448| 5784151| 2
11033463| 5784160| 2
11034660| 5784908| 2
11038140| 5786860| 2
11039975| 5787737| 2
11042196| 5789028| 2
11043689| 5789928| 2
11043779| 5789970| 2
11044251| 5790227| 2
11044333| 5790270| 2
11056345| 5797387| 2
11057135| 5797833| 2
11057602| 5798101| 2
11058940| 5798941| 2
11063099| 5801363| 2
11080437| 5810954| 2
11080459| 5810966| 2
11080670| 5811075| 2
11081341| 5811458| 2
11087180| 5814913| 2
11090162| 5816584| 2
11090362| 5816692| 2
11091268| 5817178| 2
11091659| 5817388| 2
11094827| 5819127| 2
11095964| 5819730| 2
11096311| 5819905| 2
11097378| 5820416| 2
11102801| 5824329| 2
11103760| 5824893| 2
11104337| 5825221| 2
11105102| 5825696| 2
11107060| 5826925| 2
11107079| 5826935| 2
11107292| 5827048| 2
11107772| 5827316| 2
11107903| 5827385| 2
11108257| 5827581| 2
11108904| 5827918| 2
11110171| 5828558| 2
11111592| 5829249| 2
11111679| 5829296| 2
11117969| 5834136| 2
11121698| 5836166| 2
11124729| 5837842| 2
11125181| 5838083| 2
11132137| 5841956| 2
11132292| 5842027| 2
11147486| 5850802| 2
11157606| 5856996| 2
11157999| 5857191| 2
11164005| 5860414| 2
11164023| 5860425| 2
11164918| 5860947| 2
11165386| 5861219| 2
11166694| 5861946| 2
11168746| 5863057| 2
11170076| 5863650| 2
11170916| 5864157| 2
11172581| 5865093| 2
11172772| 5865210| 2
11172869| 5865267| 2
11172871| 5865268| 2
11174915| 5866430| 2
11176013| 5866912| 2
11177407| 5867463| 2
11177614| 5867554| 2
11180504| 5869118| 2
11180633| 5869178| 2
11180939| 5869316| 2
11188788| 5875770| 2
11190727| 5876875| 2
11191832| 5877500| 2
11192758| 5878027| 2
11193106| 5878229| 2
11193517| 5878482| 2
11195552| 5879691| 2
11195759| 5879808| 2
11196513| 5880209| 2
11196914| 5880419| 2
11196918| 5880422| 2
11197064| 5880487| 2
11202271| 5883110| 2
11226743| 5898873| 2
11231047| 5900532| 2
11235845| 5902783| 2
11236019| 5902870| 2
11236921| 5903478| 2
11246802| 5908950| 2
11250040| 5911006| 2
11250110| 5911046| 2
11250219| 5911120| 2
11251435| 5911841| 2
11251850| 5912086| 2
11252041| 5912198| 2
11252318| 5912356| 2
11252467| 5912441| 2
11252581| 5912514| 2
11253845| 5913285| 2
11254188| 5913484| 2
11254447| 5913647| 2
11256602| 5914964| 2
11257335| 5915381| 2
11257676| 5915586| 2
11267374| 5921760| 2
11276107| 5927113| 2
11277584| 5927915| 2
11278041| 5928178| 2
11278168| 5928250| 2
11278377| 5928367| 2
11278864| 5928639| 2
11278871| 5928643| 2
11279380| 5928907| 2
11292195| 5936815| 2
11295518| 5938772| 2
11301217| 5941919| 2
11302063| 5942362| 2
11302540| 5942619| 2
11303452| 5943085| 2
11307785| 5945365| 2
11313397| 5948903| 2
11315103| 5949948| 2
11315112| 5949955| 2
11315447| 5950163| 2
11317496| 5951348| 2
11318116| 5951690| 2
11318431| 5951862| 2
11318818| 5952074| 2
11319359| 5952368| 2
11320629| 5953056| 2
11320760| 5953130| 2
11322846| 5954325| 2
11339145| 5963457| 2
11344213| 5966600| 2
11345304| 5967211| 2
11345791| 5967475| 2
11345807| 5967484| 2
11345873| 5967519| 2
11346111| 5967644| 2
11346666| 5967944| 2
11346943| 5968103| 2
11347389| 5968338| 2
11349749| 5969528| 2
11349916| 5969608| 2
11350176| 5969725| 2
11350220| 5969746| 2
11350672| 5969960| 2
11351259| 5970241| 2
11351874| 5970537| 2
11352059| 5970632| 2
11352470| 5970827| 2
11352707| 5970936| 2
11353129| 5971153| 2
11358361| 5974163| 2
11359293| 5974651| 2
11361426| 5975757| 2
11361965| 5976023| 2
11362478| 5976272| 2
11362594| 5976337| 2
11362664| 5976371| 2
11363118| 5976580| 2
11363669| 5976855| 2
11363858| 5976981| 2
11363961| 5977054| 2
11364233| 5977217| 2
11425656| 6011716| 2
11479629| 6043323| 2
11497829| 6084904| 2
11564161| 6121316| 2
11565603| 6122238| 2
11572722| 6125931| 2
11576920| 6128140| 2
11577945| 6128723| 2
11595470| 6135654| 2
11596036| 6135905| 2
11596997| 6136310| 2
11598871| 6137160| 2
11599231| 6137307| 2
11600497| 6137903| 2
11609316| 6143002| 2
11635583| 6158757| 2
11667759| 6177734| 2
11695819| 6196222| 2
11773058| 6280935| 2
11797084| 6295339| 2
11799199| 6296522| 2
11799140| 6296494| 2
11854695| 6342274| 2
11934385| 6420752| 2
11942337| 6425790| 2
11993745| 6463016| 2
12017632| 6476843| 2
12019741| 6477946| 2
12019682| 1363512| 2
12121330| 6538905| 2
12124978| 6541196| 2
12171899| 6636447| 2
12358922| 6739146| 2
12358940| 6739166| 2
12358832| 6739055| 2
12360153| 6740181| 2
12362787| 6742500| 2
12437282| 6827929| 2
12548955| 6916351| 2
12552321| 6918358| 2
12574732| 6935226| 2
12577924| 6936473| 2
12580134| 6937539| 2
12585658| 6939412| 2
12586374| 6939772| 2
12587832| 6940426| 2
12587865| 6940437| 2
12590557| 6941801| 2
12590731| 6941884| 2
12594560| 6944100| 2
12595689| 6944719| 2
12597607| 6945626| 2
12598196| 6945854| 2
12598510| 6946036| 2
12598883| 6946228| 2
12609376| 6948986| 2
12613768| 6950844| 2
12622987| 6954374| 2
12623239| 6954514| 2
12644221| 6963112| 2
12644800| 6963351| 2
12646009| 6963833| 2
12646122| 6963876| 2
12647637| 6964437| 2
12648622| 6964829| 2
12653607| 1284148| 2
12653644| 1313530| 2
12655882| 446095| 2
12659120| 6967396| 2
12669626| 6971294| 2
12669719| 6971333| 2
12670921| 6971859| 2
13302370| 7757357| 2
13327096| 7769320| 2
13339080| 7774216| 2
13364386| 7787170| 2
13365519| 7787870| 2
13365540| 7787887| 2
13394177| 7801712| 2
13424063| 7816367| 2
13431208| 7820175| 2
13431252| 7820201| 2
13431307| 7820231| 2
13434409| 7821858| 2
13436009| 7822714| 2
13439931| 7824895| 2
13461153| 7838288| 2
13471916| 7846028| 2
13615250| 7909430| 2
13616585| 7909964| 2
502262| 287669| 2
641850| 349582| 2
2532635| 1119076| 2
2890763| 1257068| 2
3147605| 1353749| 2
1102122| 546877| 2
1127880| 557074| 2
1349441| 648109| 2
1673574| 781407| 2
4641267| 1941128| 2
5576069| 2602195| 2
5856691| 2756152| 2
5857800| 2756758| 2
6030283| 2857565| 2
7113913| 3624363| 2
7113942| 3624380| 2
7114433| 3624636| 2
7114441| 3624639| 2
7114567| 3624708| 2
7114596| 3624721| 2
7114890| 3624881| 2
7115263| 3625081| 2
10747943| 5612644| 2
11023847| 5778465| 2
11284753| 5932227| 2
11284776| 5932243| 2
11285412| 5932599| 2
11287445| 5933701| 2
11319341| 5952360| 2
12641970| 6961855| 2
1929728| 888413| 2
8369891| 4327895| 2
2442841| 1084797| 2
8388572| 4332228| 2
8439426| 4335968| 2
8568591| 4357649| 2
8569419| 4357884| 2
2550709| 1126935| 2
3274504| 1401198| 2
4026307| 1687323| 2
4374565| 1808726| 2
4374588| 1808732| 2
4565401| 1916809| 2
4565504| 1916858| 2
6910469| 3521842| 2
7884011| 4073490| 2
8569893| 4358030| 2
8570053| 4358087| 2
8571578| 4358573| 2
8591267| 4363878| 2
9496418| 4776836| 2
9588224| 4821243| 2
9590205| 4822695| 2
10978915| 5752890| 2
10995266| 5761648| 2
11041981| 5788906| 2
11284978| 5932361| 2
11390234| 5997797| 2
11468802| 1460443| 2
11529296| 6104470| 2
11543417| 6111555| 2
11560525| 6118834| 2
11571307| 6125181| 2
11594890| 6135399| 2
11597208| 6136396| 2
11603453| 6139161| 2
11603741| 6139301| 2
12425020| 6816384| 2
13302405| 7757370| 2
13496161| 7858462| 2
4374323| 1808638| 2
11597594| 6136582| 2
11599766| 6137560| 2
11551786| 6114886| 2
2570972| 1135251| 2
2662709| 1169942| 2
76222| 50124| 2
11691146| 6194055| 2
9027246| 4444281| 2
11604145| 6139460| 2
13345679| 7777307| 2
11592767| 6134670| 2
11146691| 5850381| 2
4016153| 1683174| 2
